[{"model": "admin.logentry", "pk": 2, "fields": {"action_time": "2024-01-24T23:11:46.807Z", "user": 5, "content_type": 28, "object_id": "1", "object_repr": "localhost:8000", "action_flag": 2, "change_message": "[{\"changed\": {\"fields\": [\"Domain name\", \"Display name\"]}}]"}}, {"model": "sessions.session", "pk": "1tmc85ijs42129a4a2nliai4f01siwao", "fields": {"session_data": ".eJxVjEEOwiAQRe_C2hBgoIBL9z0DGZhRqoYmpV0Z765NutDtf-_9l0i4rTVtnZc0kTgLbcXpd8xYHtx2Qndst1mWua3LlOWuyIN2Oc7Ez8vh_h1U7PVb52gNBMDoo0dnmKBA4OyN0wGy9YYLaQeDip6ZlCHwKhdlBrSaryWK9wfuJzem:1rPUC6:-OTlkPdSMI2HJiPOau2CpXtfGvRYlypag7i89cHwf84", "expire_date": "2024-01-29T21:08:30.642Z"}}, {"model": "sessions.session", "pk": "1zs3vzlvzz6r81vkzy6edhuci6vdh9vo", "fields": {"session_data": "e30:1rQCTd:rM6W5_WZjvI2Jeh54szZ0FhoEPcXDnpNt0FL2cfoTqk", "expire_date": "2024-01-31T20:25:33.809Z"}}, {"model": "sessions.session", "pk": "25llccpb9shtfk2hyt3y66f8jcftu6pk", "fields": {"session_data": "e30:1rQs8w:vCwgcJxgxMJb98AE-UGyqV9docMJ2grNVSqvSdzYb1g", "expire_date": "2024-02-02T16:54:58.002Z"}}, {"model": "sessions.session", "pk": "3fzpp0nujnuexuo0jg25xn84st3hc8la", "fields": {"session_data": "e30:1rRIJl:aVtQbv9-B79fWiR-iujJpsC9JgkaSg7Wd7Fhs-8XI6U", "expire_date": "2024-02-03T20:51:53.917Z"}}, {"model": "sessions.session", "pk": "3rty4rm2stt0tpfg1sox2wuhag2059my", "fields": {"session_data": ".eJxVj80OgjAQhN-lZ0K20C4_N_VBmm27DY2ACbRejO8uGKLhON_MbHZegpx75DmZJy8xRPaGJ4qj6Oc8jsXPzSsvohdKi0IYymn4EhP9BqXqztSSu_O8W7ssD1ne8poe02WLXY_AqTXQOmwV66xSCFpDoI64QfBWgiVEDU1NgBVQTbpuPXoZGG3bBfQWOHDnWZP4P73f5jlFR2nbRUn0sgGUgNiqElVVq6p9fwDjeVTZ:1rSeHk:hjmbgM9rsp4IWS_c-O56YDWPgeBRh1YD3f1PkxrwDn8", "expire_date": "2024-02-07T14:31:24.643Z"}}, {"model": "sessions.session", "pk": "3s2xvw0aj13r0q9m1f8mdpqu3xpk0bd0", "fields": {"session_data": ".eJxVjEEOgjAQRe_StWmk7QyMS_ecoZlOp4IaSCisjHdXEha6_e-9_zKRt3WIW9UljtlcjGvN6XdMLA-ddpLvPN1mK_O0LmOyu2IPWm0_Z31eD_fvYOA6fGsOxUsrHLqiBEEcAAZfUkbPgpiAyFFpGs8lE7WSFJySMhJwdwY07w8c_Thb:1rRINh:MNeiC6tMFNA_pzhv2HhZR9kZQdrY42g3DOhjrAycG2Q", "expire_date": "2024-02-03T20:55:57.242Z"}}, {"model": "sessions.session", "pk": "3s8v0s26l60jbfyt4zbnal1qi536p5de", "fields": {"session_data": ".eJxVjEEOgjAQRe_StWmk7QyMS_ecoZlOp4IaSCisjHdXEha6_e-9_zKRt3WIW9UljtlcjGvN6XdMLA-ddpLvPN1mK_O0LmOyu2IPWm0_Z31eD_fvYOA6fGsOxUsrHLqiBEEcAAZfUkbPgpiAyFFpGs8lE7WSFJySMhJwdwY07w8c_Thb:1rRINg:taTYTPhrr07j3Ycdtw0iA0pCFXPdvNIgTWBr4_Euzts", "expire_date": "2024-02-03T20:55:56.770Z"}}, {"model": "sessions.session", "pk": "5p9rpz2t8ar42l2pv6lrttehnqn9sj3d", "fields": {"session_data": ".eJxlUMtuhDAM_BefEYpJcMze2t-oKmScaEGlZAWhl9X-e2GXC-3Jlueh8dxBVNM65VbW3McpDyp5SFP7HXOfwgKXjzu8drjAknSQ8VBAAZLhgt4QWiRnSmsqtuQKuM3pZwhx3iTXlK5j3LjrsDug2ZgNUVPV6NhbU3tGeHwW8AzQrkuc2xeTDZyunehXnHZIxnE_l0eQ8sk54KV8Oz3yfqhOVr0s_eYTWKmrggu2diyiUWunXHeMVhkjVcTWSeO3qZ2tRC1zDBEDGQwWeW_gf3sxtH97ocYT-ccvdMt0zw:1rSkmG:38ovbUaSI4hYmjoSAx9hdEUP8V0zBiw7ztNNRocTzzs", "expire_date": "2024-02-07T21:27:20.376Z"}}, {"model": "sessions.session", "pk": "5zzptoob9ocjur4buoc7f1xdbq5f8owm", "fields": {"session_data": "e30:1rQDBn:CbSfXcEZv2yFEVVwO3lBJzpq4NBYl2PUpZphtOjFLfA", "expire_date": "2024-01-31T21:11:11.148Z"}}, {"model": "sessions.session", "pk": "73kqcciv816rk3715pwlpnmxf0ngy0ha", "fields": {"session_data": ".eJxVjEEOgjAQRe_StWmk7QyMS_ecoZlOp4IaSCisjHdXEha6_e-9_zKRt3WIW9UljtlcjGvN6XdMLA-ddpLvPN1mK_O0LmOyu2IPWm0_Z31eD_fvYOA6fGsOxUsrHLqiBEEcAAZfUkbPgpiAyFFpGs8lE7WSFJySMhJwdwY07w8c_Thb:1rRINi:uNdMc5MfD_j2XSDDcT62BxQmfHcyMS8qK-0eHPvL_9k", "expire_date": "2024-02-03T20:55:58.929Z"}}, {"model": "sessions.session", "pk": "85igslj6asum334y55bowe92ikfhucir", "fields": {"session_data": ".eJxVjEEOgjAQRe_StWmk7QyMS_ecoZlOp4IaSCisjHdXEha6_e-9_zKRt3WIW9UljtlcjGvN6XdMLA-ddpLvPN1mK_O0LmOyu2IPWm0_Z31eD_fvYOA6fGsOxUsrHLqiBEEcAAZfUkbPgpiAyFFpGs8lE7WSFJySMhJwdwY07w8c_Thb:1rRINg:taTYTPhrr07j3Ycdtw0iA0pCFXPdvNIgTWBr4_Euzts", "expire_date": "2024-02-03T20:55:56.486Z"}}, {"model": "sessions.session", "pk": "8ypii6oua78zdbvwtwf6fxm8kod8e90u", "fields": {"session_data": ".eJxVjEEOgjAQRe_StWmk7QyMS_ecoZlOp4IaSCisjHdXEha6_e-9_zKRt3WIW9UljtlcjGvN6XdMLA-ddpLvPN1mK_O0LmOyu2IPWm0_Z31eD_fvYOA6fGsOxUsrHLqiBEEcAAZfUkbPgpiAyFFpGs8lE7WSFJySMhJwdwY07w8c_Thb:1rRINj:P6pQRSAXymV6YEIKmKMpAfqzKDK909xYBN4eFGh9kg4", "expire_date": "2024-02-03T20:55:59.386Z"}}, {"model": "sessions.session", "pk": "9fs7e3t3dp413h1jzyn6yflqabs6grhn", "fields": {"session_data": "e30:1rQCVw:UJGfem68BXdjYydKpjUhcw2ZxS3Aw6BWMbAxgVnd7NY", "expire_date": "2024-01-31T20:27:56.534Z"}}, {"model": "sessions.session", "pk": "cx5sugm7p6gpic1a4cqz10275ngtr6lc", "fields": {"session_data": "e30:1rQCS2:HE8SSaROAcJ9bpR1OqEPtXFSiKDexyXQZeXeQqP6Q-E", "expire_date": "2024-01-31T20:23:54.039Z"}}, {"model": "sessions.session", "pk": "dv0kdbdixu6cstyv0smtoe8rjberr60i", "fields": {"session_data": ".eJxVjM0OwiAQhN-FsyGUWn48evcZyMLuStVAUtqT8d2lSQ-aOc18M_MWAbY1h63REmYUFzGJ028WIT2p7AAfUO5VplrWZY5yr8iDNnmrSK_r0f07yNByX1sceNQqJjUSs-eJvCE2YJxFxZYG8E657s52RELfxdaYpBUbDc6Kzxf6YDg3:1rPJkT:Oz0d8HHauJDccexYGFZ2vxPQJL_MlK_4-rZLx9uTQKg", "expire_date": "2024-01-29T09:59:17.027Z"}}, {"model": "sessions.session", "pk": "dz77nfwoh4210ip7brq5f1yrrw46xhgi", "fields": {"session_data": ".eJxVjEEOgjAQRe_StWmk7QyMS_ecoZlOp4IaSCisjHdXEha6_e-9_zKRt3WIW9UljtlcjGvN6XdMLA-ddpLvPN1mK_O0LmOyu2IPWm0_Z31eD_fvYOA6fGsOxUsrHLqiBEEcAAZfUkbPgpiAyFFpGs8lE7WSFJySMhJwdwY07w8c_Thb:1rRINe:UM1cjzI49pjVvEsBp0xVZE9bd7d61drayUAWZBH6fFc", "expire_date": "2024-02-03T20:55:54.564Z"}}, {"model": "sessions.session", "pk": "ehytc0mtd4xah7rv184hmp8ky3m9bcd8", "fields": {"session_data": "e30:1rQCmC:wL91VhuD2m2jzjtbYsUQ-pMNJDrw0oJEVKHVob2iO80", "expire_date": "2024-01-31T20:44:44.390Z"}}, {"model": "sessions.session", "pk": "eifqfyoutcfrhpm3e577y5tpbuxnj3jx", "fields": {"session_data": "e30:1rUbV7:LPqOLFYwlV3lMyzfIueTOewboJRy3LXUN8Vx1tUQSb4", "expire_date": "2024-02-12T23:57:17.992Z"}}, {"model": "sessions.session", "pk": "esp82fwed77go5tyl85zc3hxcteo40bt", "fields": {"session_data": "e30:1rSmpW:XWitsQsHCuuE7tmqqcsyS4-8bZS4x29K26TF8OxwzkA", "expire_date": "2024-02-07T23:38:50.622Z"}}, {"model": "sessions.session", "pk": "hfoqxmp2pkxp4tbk5qp56dmaafhsp091", "fields": {"session_data": ".eJxVjEEOgjAQRe_StWmk7QyMS_ecoZlOp4IaSCisjHdXEha6_e-9_zKRt3WIW9UljtlcjGvN6XdMLA-ddpLvPN1mK_O0LmOyu2IPWm0_Z31eD_fvYOA6fGsOxUsrHLqiBEEcAAZfUkbPgpiAyFFpGs8lE7WSFJySMhJwdwY07w8c_Thb:1rSDzc:hc2CPL_lvv1hoN8vq84Z45WWopqj99g5Iaz4MLpqhxg", "expire_date": "2024-02-06T10:26:56.329Z"}}, {"model": "sessions.session", "pk": "hlaz5t7dqrpshas6az16qafei4581g44", "fields": {"session_data": "e30:1rRIE4:_f3A0Bd3uxQ5UkE23Rdm1XrwLRAuRylv5pLmqCX9Vrs", "expire_date": "2024-02-03T20:46:00.225Z"}}, {"model": "sessions.session", "pk": "i9y2rc9bsldi7abriqawzhp22369c857", "fields": {"session_data": ".eJxVjMsOwiAQAP-FsyEFeXr07jeQXXaRqqFJaU_GfzckPeh1ZjJvkWDfato7r2kmcRFBnH4ZQn5yG4Ie0O6LzEvb1hnlSORhu7wtxK_r0f4NKvQ6tso7QNZQdLHeGh8ig1UUlcJSomNWjoIP2haHU2CeztFQQQaMJrMWny_vDziG:1rPHu2:SfpE0WvFb39m1gSEIIrliPgIP_C4QA0skh-r2NvZQKo", "expire_date": "2024-01-29T08:01:02.103Z"}}, {"model": "sessions.session", "pk": "icpcdxs2g8lheajzm1x4eh0zaqzkwhde", "fields": {"session_data": "e30:1rOcUn:8JPZlsOCSnRM7Qkzc7_nHb9nGRYRzPZ_hEWOLUOkeOU", "expire_date": "2024-01-27T11:48:13.962Z"}}, {"model": "sessions.session", "pk": "jahcubr6g3pv9396fyj1pbd9v0zwdiqp", "fields": {"session_data": ".eJxVjMFOhTAQRf-la0JmmFI67NTPMKZp6SCND14ebTca_11IMNHlvfec-6Wcr2VxNcvuUlSjQkbV_G2Dnz5kO6cztldsX2ou9_XpwJ4v4J-1-LwcymzYQgArQDZaG4U6DBi89DQRez17LRwCaiSi6MHyxDKYCVAkkp-O07zUeb5JdI8quaT7ltX4ithg99aoR02fLhe_F1fSKmrEAQwDI3UtDWS06S_onN0trakckIVG7bL6tKXt_dc03DJoAOQeOxxM__0D7BFbAw:1rW12c:KQh1v8DFuAaEk6maCFTWaDOFgKx5x7YAN0Ndx1jbmaU", "expire_date": "2024-02-16T21:25:42.515Z"}}, {"model": "sessions.session", "pk": "ly9icqlambhczc7iolw9sv2tkxmc4ea9", "fields": {"session_data": "e30:1rSmmL:t-7Bmb-Sx5H3l-Lv2wO1kOErhLAaBiQvsU4n_EG8dSI", "expire_date": "2024-02-07T23:35:33.098Z"}}, {"model": "sessions.session", "pk": "m09173debg5jsnrrphvnhq67nkx71f63", "fields": {"session_data": ".eJxVjEEOgjAQRe_StWmk7QyMS_ecoZlOp4IaSCisjHdXEha6_e-9_zKRt3WIW9UljtlcjGvN6XdMLA-ddpLvPN1mK_O0LmOyu2IPWm0_Z31eD_fvYOA6fGsOxUsrHLqiBEEcAAZfUkbPgpiAyFFpGs8lE7WSFJySMhJwdwY07w8c_Thb:1rRINc:wza1erNRaDpPYkI7wzIg6mNEfVcSV-ZOat8NYNYGd44", "expire_date": "2024-02-03T20:55:52.389Z"}}, {"model": "sessions.session", "pk": "m54adzlqqftwc2aty7au5ai32yvt56xy", "fields": {"session_data": ".eJxVjEEOwiAQAP_C2RCWglCP3n1Ds7sstmogKe3J-HdD0oNeZybzVhPu2zztTdZpSeqigjr9MkJ-SukiPbDcq-ZatnUh3RN92KZvNcnrerR_gxnb3LcS8gDgIAIZsdYYpgw4oifHMSSJA4N4z8EMjqwdLQTIThKJOTMG9fkC1vs3uw:1rPEpV:1qOsOuBll1F0M5z87eIfO1V5Ax5mKSHqF_278sYaYNA", "expire_date": "2024-01-29T04:44:09.483Z"}}, {"model": "sessions.session", "pk": "mujyz188rj3mtihpeqnenl9l90pk3l38", "fields": {"session_data": "e30:1rRHnj:-MAewyDsz38xbZ3EjITB3Z38TuU0Jv1bxG7OoJSE7o4", "expire_date": "2024-02-03T20:18:47.696Z"}}, {"model": "sessions.session", "pk": "o1o6fi2k8ufz9wqhoo7y06u239qx158d", "fields": {"session_data": "e30:1rRHoa:9O4MopaK5LW2eO6FBywvy__AdBFQiJoo4vzdwxHqR6Y", "expire_date": "2024-02-03T20:19:40.835Z"}}, {"model": "sessions.session", "pk": "rw58vzbtgd9i3yh0enbska33zvd4n1uh", "fields": {"session_data": ".eJxVjEEOgjAQRe_StWmk7QyMS_ecoZlOp4IaSCisjHdXEha6_e-9_zKRt3WIW9UljtlcjGvN6XdMLA-ddpLvPN1mK_O0LmOyu2IPWm0_Z31eD_fvYOA6fGsOxUsrHLqiBEEcAAZfUkbPgpiAyFFpGs8lE7WSFJySMhJwdwY07w8c_Thb:1rRINe:UM1cjzI49pjVvEsBp0xVZE9bd7d61drayUAWZBH6fFc", "expire_date": "2024-02-03T20:55:54.928Z"}}, {"model": "sessions.session", "pk": "sagncu1jejsbo1ccrgepq2fbd91vcmyb", "fields": {"session_data": "e30:1rQCp0:_33P_ZQlsghIYWJtG3u7K17wVBET7FH7qErOdkrczzk", "expire_date": "2024-01-31T20:47:38.680Z"}}, {"model": "sessions.session", "pk": "t3i0jqek9bwxemb6p0a9upek4gjktu0s", "fields": {"session_data": ".eJxVikEOAiEMRe_C2kw64LTg0jkI6UAbjFETGVbGuwuJC81fvf_ey0Rue4mtyjNesjmZxRx-v43TVe5DDJyGmNZW98ft_DV_eeFaekt5VmdhS-BENegiAUWR0VMGJZk5ePCdjuSy5NCnhJgsKFr2ZN4fyCExhQ:1rPFEH:4Jru_9tLaH3q6es086mx2Uh0yG8QfdtMUU6DJ_XF6BQ", "expire_date": "2024-01-29T05:09:45.626Z"}}, {"model": "sessions.session", "pk": "t3riyvyo4k23gw4whrls5qqj9o3r818e", "fields": {"session_data": "e30:1rRIUh:yHJ4aW9UBZ8eiFCk1sOwlk3d8UmHLgud1oeVs6GOPnM", "expire_date": "2024-02-03T21:03:11.567Z"}}, {"model": "sessions.session", "pk": "txod1ykt7srqbmp55yj3lon9kl1w115j", "fields": {"session_data": "e30:1rRIEj:jfrChhZeDqlfMk3Zeu18Qko1gZsq-CJrv-pSs2s4PIA", "expire_date": "2024-02-03T20:46:41.917Z"}}, {"model": "sessions.session", "pk": "vl8xdvah7jkvaccj8nnt9rih5kl05qc0", "fields": {"session_data": ".eJxVjEEOgjAQRe_StWmk7QyMS_ecoZlOp4IaSCisjHdXEha6_e-9_zKRt3WIW9UljtlcjGvN6XdMLA-ddpLvPN1mK_O0LmOyu2IPWm0_Z31eD_fvYOA6fGsOxUsrHLqiBEEcAAZfUkbPgpiAyFFpGs8lE7WSFJySMhJwdwY07w8c_Thb:1rRINZ:tN-aKOKs5tlzMciflPEHmJsRQ6R27zTiaQE1eNImbQ4", "expire_date": "2024-02-03T20:55:49.828Z"}}, {"model": "sessions.session", "pk": "vwpaf9p5n79o9ug0xkzi6r3qsktvm334", "fields": {"session_data": ".eJxVjEEOwiAQRe_C2hBgoIBL9z0DGZhRqoYmpV0Z765NutDtf-_9l0i4rTVtnZc0kTgLbcXpd8xYHtx2Qndst1mWua3LlOWuyIN2Oc7Ez8vh_h1U7PVb52gNBMDoo0dnmKBA4OyN0wGy9YYLaQeDip6ZlCHwKhdlBrSaryWK9wfuJzem:1rPoQn:d-QjKQkvik5gL402uyhiDTR87nGPwOg1TwLM-W_ANF0", "expire_date": "2024-01-30T18:45:01.059Z"}}, {"model": "sessions.session", "pk": "yc01dpu0eapntl7cjvg621e7dx55hzlk", "fields": {"session_data": "e30:1rRIMR:trljtuXtkQxWCJSZEaJDURURwSa9pmP1evxSGabcCSo", "expire_date": "2024-02-03T20:54:39.048Z"}}, {"model": "sessions.session", "pk": "yc98w9jl5kofx9eq0jpqo67zi4cues7m", "fields": {"session_data": "e30:1rQvWH:gqPSvcwpawNu1YoKMpB1za5oFWdeeramzZbwLVLNCv4", "expire_date": "2024-02-02T20:31:17.679Z"}}, {"model": "sessions.session", "pk": "ym15nop14fs1zvegg5mq104uym6b8k9y", "fields": {"session_data": "e30:1rRHkQ:zHhL1IOw5yE0EHJK9V-209EOtd6PXfrIwYN6xU3Vqvk", "expire_date": "2024-02-03T20:15:22.386Z"}}, {"model": "sessions.session", "pk": "ynrurkqwz9w5bzazip8w7kq3vgtqprwh", "fields": {"session_data": ".eJxVjDsOwjAQBe_iGlmObWKbkj5nsN5m1ziAEimfCnF3iJQC2jcz76UytrXmbZE5D6wuqrHq9DsS-oeMO-E7xtuk-2lc54H0ruiDLrqbWJ7Xw_07qFjqtzYBpZwNeZ8I0QU4kVaisySISXyCwCSyhqQBCsfAAQyW4qWU1qj3BzFYOeM:1rPRGM:a2hhGQzXqbcZMCGnimdItpXsPt2pdh7rLEEVHg9t6-A", "expire_date": "2024-01-29T18:00:42.046Z"}}, {"model": "sessions.session", "pk": "yq0xgevz4k1ft0469vrxzll75hsrpexm", "fields": {"session_data": "e30:1rRHpi:N81qJv0Ywnb9y2vV_7zukhWEu9qitTgonfwWt_W4WGs", "expire_date": "2024-02-03T20:20:50.238Z"}}, {"model": "sessions.session", "pk": "yv1tftbr9z6ced2yuy5zg9k5hpmk0gad", "fields": {"session_data": "e30:1rOdta:Pb88yfZZYOxGC9t7KnQ3-zcSusaVLOmlj4vphuCqO-Q", "expire_date": "2024-01-27T13:17:54.419Z"}}, {"model": "sessions.session", "pk": "zktx996b564mwoc7s8ra3jsp24arssbn", "fields": {"session_data": "e30:1rRHmO:87uolSnLMSNPxP2QU84koVb3GKIsEZ18n4i8m_aKkwY", "expire_date": "2024-02-03T20:17:24.565Z"}}, {"model": "user.usercutsom", "pk": 14, "fields": {"password": "pbkdf2_sha256$720000$9rvQJ0nUAI18YnblOfPHvO$Q45eu1E0TPMN9BdZQSPhPoy7JDy/fBF+PfOM6O1EUV4=", "last_login": "2024-02-01T00:26:55.374Z", "is_superuser": false, "username": "ultimatehope", "first_name": "", "last_name": "", "email": "hope@gmail.com", "is_staff": false, "is_active": true, "date_joined": "2024-01-15T19:51:14.826Z", "is_learner": false, "is_lectuer": true, "email_verified": false, "otp_secret": null, "otp_created_at": null, "is_logged_in": false, "token": null, "created_token": "2024-01-31T15:39:36.630Z", "groups": [], "user_permissions": []}}, {"model": "user.usercutsom", "pk": 15, "fields": {"password": "pbkdf2_sha256$720000$3kCniZBUeCMn6dkTDGHh2h$g7lSbT8w97NMGf2hF27twABcwdreUXB3RWSgA4QnOMs=", "last_login": "2024-01-19T17:07:21.721Z", "is_superuser": false, "username": "zoro", "first_name": "", "last_name": "", "email": "zoro@gmail.com", "is_staff": false, "is_active": true, "date_joined": "2024-01-17T20:48:14.970Z", "is_learner": true, "is_lectuer": false, "email_verified": false, "otp_secret": null, "otp_created_at": null, "is_logged_in": false, "token": null, "created_token": "2024-01-31T15:39:36.630Z", "groups": [], "user_permissions": []}}, {"model": "user.usercutsom", "pk": 25, "fields": {"password": "pbkdf2_sha256$720000$4BPENKmi7zKy8xkdSifdFY$CK3CUjlWgF7qUasjNPHfYNJ1qW5RYgUysEt7x++88uk=", "last_login": "2024-01-19T20:52:38.036Z", "is_superuser": false, "username": "anna", "first_name": "", "last_name": "", "email": "kyiphyushinthant4567@gmail.com", "is_staff": false, "is_active": true, "date_joined": "2024-01-19T20:50:12.081Z", "is_learner": true, "is_lectuer": false, "email_verified": false, "otp_secret": null, "otp_created_at": null, "is_logged_in": false, "token": null, "created_token": "2024-01-31T15:39:36.630Z", "groups": [], "user_permissions": []}}, {"model": "user.usercutsom", "pk": 50, "fields": {"password": "pbkdf2_sha256$720000$v8f3wDY9cwrmowea5IIgyJ$GoEZrOd5rNC14vShlc+jJVCY5PPeJkepZBNpHNS7fGY=", "last_login": null, "is_superuser": false, "username": "ado", "first_name": "", "last_name": "", "email": "kyiphyushinthant4567@gmail.com", "is_staff": false, "is_active": true, "date_joined": "2024-01-19T22:53:34.161Z", "is_learner": true, "is_lectuer": false, "email_verified": false, "otp_secret": null, "otp_created_at": null, "is_logged_in": false, "token": null, "created_token": "2024-01-31T15:39:36.630Z", "groups": [], "user_permissions": []}}, {"model": "user.usercutsom", "pk": 139, "fields": {"password": "pbkdf2_sha256$720000$yrFsZIwKLRwez6m08BhyeI$iUxqEesOc1LLFcGnr6MQIBsYVRxsGM2YfQvI44XOBsM=", "last_login": "2024-01-25T00:40:43.134Z", "is_superuser": false, "username": "illu", "first_name": "", "last_name": "", "email": "kyiphyushinthant4567@gmail.com", "is_staff": false, "is_active": true, "date_joined": "2024-01-20T10:37:26.639Z", "is_learner": true, "is_lectuer": false, "email_verified": true, "otp_secret": null, "otp_created_at": null, "is_logged_in": true, "token": null, "created_token": "2024-01-31T15:39:36.630Z", "groups": [], "user_permissions": []}}, {"model": "user.usercutsom", "pk": 180, "fields": {"password": "!LMlmxMlGvvAQEXpkJXukyJIM7q0bHxEl10Bq42oS", "last_login": "2024-01-25T00:00:51.655Z", "is_superuser": false, "username": "captainluffy7890", "first_name": "", "last_name": "", "email": "captainluffy7890@gmail.com", "is_staff": false, "is_active": true, "date_joined": "2024-01-24T21:21:05.343Z", "is_learner": true, "is_lectuer": false, "email_verified": false, "otp_secret": null, "otp_created_at": null, "is_logged_in": false, "token": null, "created_token": "2024-01-31T15:39:36.630Z", "groups": [], "user_permissions": []}}, {"model": "user.usercutsom", "pk": 188, "fields": {"password": "pbkdf2_sha256$720000$u1AOnHSiCDaDB17ILBLNLL$KLcuIk1YEjdG5KfVscgGZjTmFb8gG7F3HbsrxumhPU4=", "last_login": "2024-02-01T00:58:44.590Z", "is_superuser": true, "username": "anime", "first_name": "", "last_name": "", "email": "anime@gmail.com", "is_staff": true, "is_active": true, "date_joined": "2024-01-24T23:09:32.020Z", "is_learner": false, "is_lectuer": false, "email_verified": false, "otp_secret": null, "otp_created_at": null, "is_logged_in": false, "token": null, "created_token": "2024-01-31T15:39:36.630Z", "groups": [], "user_permissions": []}}, {"model": "user.usercutsom", "pk": 190, "fields": {"password": "pbkdf2_sha256$720000$LbF5H52dxrHNtnSgMFk3yc$6uG2/GyE7xtyniZA5FgbZZ8cURSEErVQdnaXwaAyeOM=", "last_login": "2024-01-24T23:24:37.472Z", "is_superuser": false, "username": "admin", "first_name": "", "last_name": "", "email": "admin@gmail.com", "is_staff": false, "is_active": true, "date_joined": "2024-01-24T23:20:09.258Z", "is_learner": false, "is_lectuer": true, "email_verified": false, "otp_secret": null, "otp_created_at": null, "is_logged_in": true, "token": null, "created_token": "2024-01-31T15:39:36.630Z", "groups": [], "user_permissions": []}}, {"model": "user.usercutsom", "pk": 191, "fields": {"password": "pbkdf2_sha256$720000$8UFz6vGojqJnf044lBWmN2$xSmlNpxlaLfEDQdsNxxxcw37OzgQY9TYZzmC4i8CDxU=", "last_login": "2024-02-02T20:53:49.467Z", "is_superuser": false, "username": "fucking", "first_name": "", "last_name": "", "email": "kyiphyushinthant4567@gmail.com", "is_staff": false, "is_active": true, "date_joined": "2024-01-25T00:43:11.037Z", "is_learner": true, "is_lectuer": false, "email_verified": true, "otp_secret": "376115", "otp_created_at": "2024-02-02T20:53:31.017Z", "is_logged_in": true, "token": "d614f1dc-6b1a-4b92-bd5d-cef375c2d59d", "created_token": "2024-01-31T23:51:14.226Z", "groups": [], "user_permissions": []}}, {"model": "user.usercutsom", "pk": 193, "fields": {"password": "pbkdf2_sha256$720000$Xijsxm5pbIMaKx4ex0yjJl$Kb18t6Ims7qeRUCXcOTnhXqt58i4K8b/TT5WWUZ2Ky0=", "last_login": "2024-01-25T13:22:24.740Z", "is_superuser": false, "username": "user", "first_name": "", "last_name": "", "email": "kyiphyushinthant4567@gmail.com", "is_staff": false, "is_active": true, "date_joined": "2024-01-25T13:03:46.268Z", "is_learner": true, "is_lectuer": false, "email_verified": true, "otp_secret": null, "otp_created_at": null, "is_logged_in": false, "token": null, "created_token": "2024-01-31T15:39:36.630Z", "groups": [], "user_permissions": []}}, {"model": "user.usercutsom", "pk": 194, "fields": {"password": "pbkdf2_sha256$720000$seAbLPTQLA5bOZEKW7Aq1j$qNXjNyzWC+C4X2dlbJQDf4oak0Pbuc5ETUWtwrrTam8=", "last_login": "2024-01-31T11:34:04.511Z", "is_superuser": false, "username": "user1", "first_name": "", "last_name": "", "email": "kyiphyushinthant4567@gmail.com", "is_staff": false, "is_active": true, "date_joined": "2024-01-29T23:32:47.828Z", "is_learner": true, "is_lectuer": false, "email_verified": true, "otp_secret": null, "otp_created_at": "2024-01-31T11:33:47.997Z", "is_logged_in": false, "token": null, "created_token": "2024-01-31T15:39:36.630Z", "groups": [], "user_permissions": []}}, {"model": "user.usercutsom", "pk": 198, "fields": {"password": "!ykeqDK1ItD3l6ADaCCPnwyVatafqhHAy31bqZW3s", "last_login": "2024-01-30T01:43:30.118Z", "is_superuser": false, "username": "kyiphyushinthant4567", "first_name": "", "last_name": "", "email": "kyiphyushinthant4567@gmail.com", "is_staff": false, "is_active": true, "date_joined": "2024-01-30T01:33:52.497Z", "is_learner": true, "is_lectuer": false, "email_verified": false, "otp_secret": null, "otp_created_at": null, "is_logged_in": false, "token": null, "created_token": "2024-01-31T15:39:36.630Z", "groups": [], "user_permissions": []}}, {"model": "user.profile", "pk": 1, "fields": {"user": 14, "image": "profile_pics/4f229f45f459ec69fb8bd546fbec2d6b_fk4O4eJ.jpg"}}, {"model": "user.profile", "pk": 2, "fields": {"user": 15, "image": "profile_pics/default.png"}}, {"model": "user.profile", "pk": 12, "fields": {"user": 25, "image": "profile_pics/default.png"}}, {"model": "user.profile", "pk": 37, "fields": {"user": 50, "image": "profile_pics/default.png"}}, {"model": "user.profile", "pk": 126, "fields": {"user": 139, "image": "profile_pics/default.png"}}, {"model": "user.profile", "pk": 164, "fields": {"user": 180, "image": "profile_pics/default.png"}}, {"model": "user.profile", "pk": 172, "fields": {"user": 188, "image": "profile_pics/default.png"}}, {"model": "user.profile", "pk": 174, "fields": {"user": 190, "image": "profile_pics/default.png"}}, {"model": "user.profile", "pk": 175, "fields": {"user": 191, "image": "profile_pics/default.png"}}, {"model": "user.profile", "pk": 177, "fields": {"user": 193, "image": "profile_pics/default.png"}}, {"model": "user.profile", "pk": 178, "fields": {"user": 194, "image": "profile_pics/default.png"}}, {"model": "user.profile", "pk": 182, "fields": {"user": 198, "image": "profile_pics/default.png"}}, {"model": "user.learner", "pk": 139, "fields": {}}, {"model": "user.learner", "pk": 191, "fields": {}}, {"model": "user.learner", "pk": 193, "fields": {}}, {"model": "user.learner", "pk": 194, "fields": {}}, {"model": "user.course", "pk": 1, "fields": {"name": "CEH", "color": "007bff"}}, {"model": "user.course", "pk": 2, "fields": {"name": "CEH Pratical", "color": "ff007b"}}, {"model": "user.quiz", "pk": 3, "fields": {"owner": 14, "name": "CEH quiz one", "course": 1, "level": "medium", "time_limit": 300}}, {"model": "user.quiz", "pk": 4, "fields": {"owner": 14, "name": "CEH quiz2", "course": 1, "level": "medium", "time_limit": 300}}, {"model": "user.quiz", "pk": 10, "fields": {"owner": 14, "name": "CEH quiz3", "course": 1, "level": "medium", "time_limit": 300}}, {"model": "user.quiz", "pk": 11, "fields": {"owner": 14, "name": "CEH quiz4", "course": 1, "level": "hard", "time_limit": 300}}, {"model": "user.question", "pk": 8, "fields": {"quiz": 4, "text": "While performing a Nmap scan against a host, Paola determines the existence of a firewall. In an attempt to determine whether the firewall is stateful or stateless, which of the following options would be best to use?"}}, {"model": "user.question", "pk": 9, "fields": {"quiz": 4, "text": "You are a penetration tester working to test the user awareness of the employees of the client XYZ. You harvested two employees’ emails from some public sources and are creating a client-side backdoor to send it to the employees via email. Which stage of"}}, {"model": "user.question", "pk": 10, "fields": {"quiz": 4, "text": "A newly joined employee, Janet, has been allocated an existing system used by a previous employee. Before issuing the system to Janet, it was assessed by Martin, the administrator. Martin found that there were possibilities of compromise through user dire"}}, {"model": "user.question", "pk": 11, "fields": {"quiz": 10, "text": "Jane, an ethical hacker, is testing a target organization’s web server and website to identify security loopholes. In this process, she copied the entire website and its content on a local drive to view the complete profile of the site’s directory structu"}}, {"model": "user.question", "pk": 12, "fields": {"quiz": 10, "text": "An organization is performing a vulnerability assessment for mitigating threats. James, a pen tester, scanned the organization by building an inventory of the protocols found on the organization’s machines to detect which ports are attached to services su"}}, {"model": "user.question", "pk": 13, "fields": {"quiz": 11, "text": "Taylor, a security professional, uses a tool to monitor her company’s website, analyze the website’s traffic, and track the geographical location of the users visiting the company’s website. Which of the following tools did Taylor employ in the above scen"}}, {"model": "user.answer", "pk": 29, "fields": {"question": 8, "text": "-sA", "is_correct": true}}, {"model": "user.answer", "pk": 30, "fields": {"question": 8, "text": "-sX", "is_correct": false}}, {"model": "user.answer", "pk": 31, "fields": {"question": 8, "text": "-sT", "is_correct": false}}, {"model": "user.answer", "pk": 32, "fields": {"question": 8, "text": "-sF", "is_correct": false}}, {"model": "user.answer", "pk": 33, "fields": {"question": 9, "text": "Reconnaissance", "is_correct": false}}, {"model": "user.answer", "pk": 34, "fields": {"question": 9, "text": "Weaponization", "is_correct": true}}, {"model": "user.answer", "pk": 35, "fields": {"question": 9, "text": "Command and control", "is_correct": false}}, {"model": "user.answer", "pk": 36, "fields": {"question": 9, "text": "Exploitation", "is_correct": false}}, {"model": "user.answer", "pk": 37, "fields": {"question": 10, "text": "Database assessment", "is_correct": false}}, {"model": "user.answer", "pk": 38, "fields": {"question": 10, "text": "Host-based assessment", "is_correct": true}}, {"model": "user.answer", "pk": 39, "fields": {"question": 10, "text": "Credentialed assessment", "is_correct": false}}, {"model": "user.answer", "pk": 40, "fields": {"question": 10, "text": "Distributed assessment", "is_correct": false}}, {"model": "user.answer", "pk": 41, "fields": {"question": 11, "text": "Session hijacking", "is_correct": false}}, {"model": "user.answer", "pk": 42, "fields": {"question": 11, "text": "Website mirroring", "is_correct": true}}, {"model": "user.answer", "pk": 43, "fields": {"question": 11, "text": "Website defacement", "is_correct": false}}, {"model": "user.answer", "pk": 44, "fields": {"question": 11, "text": "Web cache poisoning", "is_correct": false}}, {"model": "user.answer", "pk": 45, "fields": {"question": 12, "text": "Service-based solutions", "is_correct": false}}, {"model": "user.answer", "pk": 46, "fields": {"question": 12, "text": "Product-based solutions", "is_correct": false}}, {"model": "user.answer", "pk": 47, "fields": {"question": 12, "text": "Tree-based assessment", "is_correct": false}}, {"model": "user.answer", "pk": 48, "fields": {"question": 12, "text": "Inference-based assessment", "is_correct": true}}, {"model": "user.answer", "pk": 49, "fields": {"question": 13, "text": "Webroot", "is_correct": false}}, {"model": "user.answer", "pk": 50, "fields": {"question": 13, "text": "Web-Stat", "is_correct": true}}, {"model": "user.answer", "pk": 51, "fields": {"question": 13, "text": "WebSite-Watcher", "is_correct": false}}, {"model": "user.answer", "pk": 52, "fields": {"question": 13, "text": "WAFW00F", "is_correct": false}}, {"model": "user.user_answer", "pk": 25, "fields": {"user": 193, "question": 12, "chosen_answer": 48, "attempt_number": 1, "user_mark": "100.00", "is_bookmarked": false, "total_mark": null}}, {"model": "user.user_answer", "pk": 26, "fields": {"user": 193, "question": 11, "chosen_answer": 42, "attempt_number": 1, "user_mark": "100.00", "is_bookmarked": false, "total_mark": null}}, {"model": "user.user_answer", "pk": 27, "fields": {"user": 193, "question": 11, "chosen_answer": 42, "attempt_number": 1, "user_mark": "50.00", "is_bookmarked": false, "total_mark": null}}, {"model": "user.user_answer", "pk": 28, "fields": {"user": 193, "question": 12, "chosen_answer": 47, "attempt_number": 1, "user_mark": "50.00", "is_bookmarked": false, "total_mark": null}}, {"model": "user.user_answer", "pk": 29, "fields": {"user": 193, "question": 12, "chosen_answer": 46, "attempt_number": 1, "user_mark": "50.00", "is_bookmarked": false, "total_mark": null}}, {"model": "user.user_answer", "pk": 30, "fields": {"user": 193, "question": 11, "chosen_answer": 42, "attempt_number": 1, "user_mark": "50.00", "is_bookmarked": false, "total_mark": null}}, {"model": "user.user_answer", "pk": 31, "fields": {"user": 193, "question": 11, "chosen_answer": 42, "attempt_number": 1, "user_mark": "50.00", "is_bookmarked": false, "total_mark": null}}, {"model": "user.user_answer", "pk": 32, "fields": {"user": 193, "question": 12, "chosen_answer": 45, "attempt_number": 1, "user_mark": "50.00", "is_bookmarked": false, "total_mark": null}}, {"model": "user.user_answer", "pk": 33, "fields": {"user": 193, "question": 11, "chosen_answer": 42, "attempt_number": 1, "user_mark": "100.00", "is_bookmarked": false, "total_mark": null}}, {"model": "user.user_answer", "pk": 34, "fields": {"user": 193, "question": 12, "chosen_answer": 48, "attempt_number": 1, "user_mark": "100.00", "is_bookmarked": false, "total_mark": null}}, {"model": "user.user_answer", "pk": 35, "fields": {"user": 193, "question": 13, "chosen_answer": 50, "attempt_number": 1, "user_mark": "100.00", "is_bookmarked": false, "total_mark": null}}, {"model": "user.user_answer", "pk": 36, "fields": {"user": 193, "question": 13, "chosen_answer": 51, "attempt_number": 1, "user_mark": "0.00", "is_bookmarked": false, "total_mark": null}}, {"model": "user.user_answer", "pk": 37, "fields": {"user": 193, "question": 9, "chosen_answer": 34, "attempt_number": 1, "user_mark": "66.67", "is_bookmarked": false, "total_mark": null}}, {"model": "user.user_answer", "pk": 38, "fields": {"user": 193, "question": 10, "chosen_answer": 38, "attempt_number": 1, "user_mark": "66.67", "is_bookmarked": false, "total_mark": null}}, {"model": "user.user_answer", "pk": 39, "fields": {"user": 193, "question": 8, "chosen_answer": 30, "attempt_number": 1, "user_mark": "66.67", "is_bookmarked": false, "total_mark": null}}, {"model": "user.user_answer", "pk": 40, "fields": {"user": 193, "question": 11, "chosen_answer": 42, "attempt_number": 1, "user_mark": "100.00", "is_bookmarked": false, "total_mark": null}}, {"model": "user.user_answer", "pk": 41, "fields": {"user": 193, "question": 12, "chosen_answer": 48, "attempt_number": 1, "user_mark": "100.00", "is_bookmarked": false, "total_mark": null}}, {"model": "user.user_answer", "pk": 42, "fields": {"user": 193, "question": 12, "chosen_answer": 47, "attempt_number": 1, "user_mark": "50.00", "is_bookmarked": false, "total_mark": null}}, {"model": "user.user_answer", "pk": 43, "fields": {"user": 193, "question": 11, "chosen_answer": 42, "attempt_number": 1, "user_mark": "50.00", "is_bookmarked": false, "total_mark": null}}, {"model": "user.user_answer", "pk": 44, "fields": {"user": 193, "question": 12, "chosen_answer": 46, "attempt_number": 1, "user_mark": "50.00", "is_bookmarked": false, "total_mark": null}}, {"model": "user.user_answer", "pk": 45, "fields": {"user": 193, "question": 11, "chosen_answer": 42, "attempt_number": 1, "user_mark": "50.00", "is_bookmarked": false, "total_mark": null}}, {"model": "user.user_answer", "pk": 46, "fields": {"user": 193, "question": 11, "chosen_answer": 42, "attempt_number": 1, "user_mark": "50.00", "is_bookmarked": false, "total_mark": null}}, {"model": "user.user_answer", "pk": 47, "fields": {"user": 193, "question": 12, "chosen_answer": 47, "attempt_number": 1, "user_mark": "50.00", "is_bookmarked": false, "total_mark": null}}, {"model": "user.user_answer", "pk": 48, "fields": {"user": 193, "question": 12, "chosen_answer": 46, "attempt_number": 1, "user_mark": "50.00", "is_bookmarked": false, "total_mark": null}}, {"model": "user.user_answer", "pk": 49, "fields": {"user": 193, "question": 11, "chosen_answer": 42, "attempt_number": 1, "user_mark": "50.00", "is_bookmarked": false, "total_mark": null}}, {"model": "user.user_answer", "pk": 50, "fields": {"user": 193, "question": 10, "chosen_answer": 38, "attempt_number": 1, "user_mark": "100.00", "is_bookmarked": false, "total_mark": null}}, {"model": "user.user_answer", "pk": 51, "fields": {"user": 193, "question": 9, "chosen_answer": 34, "attempt_number": 1, "user_mark": "100.00", "is_bookmarked": false, "total_mark": null}}, {"model": "user.user_answer", "pk": 52, "fields": {"user": 193, "question": 8, "chosen_answer": 29, "attempt_number": 1, "user_mark": "100.00", "is_bookmarked": false, "total_mark": null}}, {"model": "user.user_answer", "pk": 53, "fields": {"user": 193, "question": 13, "chosen_answer": 50, "attempt_number": 1, "user_mark": "100.00", "is_bookmarked": false, "total_mark": null}}, {"model": "user.user_answer", "pk": 54, "fields": {"user": 193, "question": 12, "chosen_answer": 45, "attempt_number": 1, "user_mark": "50.00", "is_bookmarked": false, "total_mark": null}}, {"model": "user.user_answer", "pk": 55, "fields": {"user": 193, "question": 11, "chosen_answer": 42, "attempt_number": 1, "user_mark": "50.00", "is_bookmarked": false, "total_mark": null}}, {"model": "user.user_answer", "pk": 56, "fields": {"user": 193, "question": 11, "chosen_answer": 42, "attempt_number": 1, "user_mark": "100.00", "is_bookmarked": false, "total_mark": null}}, {"model": "user.user_answer", "pk": 57, "fields": {"user": 193, "question": 12, "chosen_answer": 48, "attempt_number": 1, "user_mark": "100.00", "is_bookmarked": false, "total_mark": null}}, {"model": "user.user_answer", "pk": 58, "fields": {"user": 193, "question": 12, "chosen_answer": 46, "attempt_number": 13, "user_mark": "1.00", "is_bookmarked": false, "total_mark": null}}, {"model": "user.user_answer", "pk": 59, "fields": {"user": 193, "question": 11, "chosen_answer": 42, "attempt_number": 13, "user_mark": "1.00", "is_bookmarked": false, "total_mark": null}}, {"model": "user.user_answer", "pk": 60, "fields": {"user": 193, "question": 13, "chosen_answer": 50, "attempt_number": 5, "user_mark": "1.00", "is_bookmarked": false, "total_mark": null}}, {"model": "user.user_answer", "pk": 61, "fields": {"user": 193, "question": 10, "chosen_answer": 38, "attempt_number": 4, "user_mark": "1.00", "is_bookmarked": false, "total_mark": null}}, {"model": "user.user_answer", "pk": 62, "fields": {"user": 193, "question": 8, "chosen_answer": 29, "attempt_number": 4, "user_mark": "1.00", "is_bookmarked": false, "total_mark": null}}, {"model": "user.user_answer", "pk": 63, "fields": {"user": 193, "question": 9, "chosen_answer": 34, "attempt_number": 4, "user_mark": "1.00", "is_bookmarked": false, "total_mark": null}}, {"model": "user.user_answer", "pk": 64, "fields": {"user": 193, "question": 12, "chosen_answer": 46, "attempt_number": 14, "user_mark": "1.00", "is_bookmarked": false, "total_mark": null}}, {"model": "user.user_answer", "pk": 65, "fields": {"user": 193, "question": 11, "chosen_answer": 42, "attempt_number": 14, "user_mark": "1.00", "is_bookmarked": false, "total_mark": null}}, {"model": "user.user_answer", "pk": 66, "fields": {"user": 193, "question": 12, "chosen_answer": 45, "attempt_number": 15, "user_mark": "1.00", "is_bookmarked": true, "total_mark": null}}, {"model": "user.user_answer", "pk": 67, "fields": {"user": 193, "question": 11, "chosen_answer": 42, "attempt_number": 15, "user_mark": "1.00", "is_bookmarked": true, "total_mark": null}}, {"model": "user.user_answer", "pk": 68, "fields": {"user": 193, "question": 12, "chosen_answer": 48, "attempt_number": 16, "user_mark": "1.00", "is_bookmarked": true, "total_mark": null}}, {"model": "user.user_answer", "pk": 69, "fields": {"user": 193, "question": 11, "chosen_answer": 42, "attempt_number": 16, "user_mark": "1.00", "is_bookmarked": true, "total_mark": null}}, {"model": "user.user_answer", "pk": 70, "fields": {"user": 191, "question": 12, "chosen_answer": 47, "attempt_number": 2, "user_mark": "1.00", "is_bookmarked": false, "total_mark": null}}, {"model": "user.user_answer", "pk": 71, "fields": {"user": 191, "question": 11, "chosen_answer": 42, "attempt_number": 2, "user_mark": "1.00", "is_bookmarked": false, "total_mark": null}}, {"model": "user.user_answer", "pk": 72, "fields": {"user": 191, "question": 8, "chosen_answer": 29, "attempt_number": 2, "user_mark": "1.00", "is_bookmarked": false, "total_mark": null}}, {"model": "user.user_answer", "pk": 73, "fields": {"user": 191, "question": 10, "chosen_answer": 38, "attempt_number": 2, "user_mark": "1.00", "is_bookmarked": false, "total_mark": null}}, {"model": "user.user_answer", "pk": 74, "fields": {"user": 191, "question": 9, "chosen_answer": 34, "attempt_number": 2, "user_mark": "1.00", "is_bookmarked": false, "total_mark": null}}, {"model": "user.user_answer", "pk": 75, "fields": {"user": 191, "question": 12, "chosen_answer": 48, "attempt_number": 3, "user_mark": "1.00", "is_bookmarked": false, "total_mark": null}}, {"model": "user.user_answer", "pk": 76, "fields": {"user": 191, "question": 11, "chosen_answer": 42, "attempt_number": 3, "user_mark": "1.00", "is_bookmarked": false, "total_mark": null}}, {"model": "user.user_answer", "pk": 77, "fields": {"user": 191, "question": 12, "chosen_answer": 48, "attempt_number": 4, "user_mark": "1.00", "is_bookmarked": false, "total_mark": 2.0}}, {"model": "user.user_answer", "pk": 78, "fields": {"user": 191, "question": 11, "chosen_answer": 42, "attempt_number": 4, "user_mark": "1.00", "is_bookmarked": false, "total_mark": 2.0}}, {"model": "user.user_answer", "pk": 79, "fields": {"user": 191, "question": 12, "chosen_answer": 48, "attempt_number": 5, "user_mark": "1.00", "is_bookmarked": false, "total_mark": 2.0}}, {"model": "user.user_answer", "pk": 80, "fields": {"user": 191, "question": 11, "chosen_answer": 44, "attempt_number": 5, "user_mark": "1.00", "is_bookmarked": false, "total_mark": 2.0}}, {"model": "user.user_answer", "pk": 81, "fields": {"user": 191, "question": 12, "chosen_answer": 48, "attempt_number": 6, "user_mark": "100.00", "is_bookmarked": true, "total_mark": 2.0}}, {"model": "user.user_answer", "pk": 82, "fields": {"user": 191, "question": 11, "chosen_answer": 42, "attempt_number": 6, "user_mark": "100.00", "is_bookmarked": true, "total_mark": 2.0}}, {"model": "user.user_answer", "pk": 83, "fields": {"user": 191, "question": 11, "chosen_answer": 42, "attempt_number": 7, "user_mark": "0.50", "is_bookmarked": true, "total_mark": 2.0}}, {"model": "user.user_answer", "pk": 84, "fields": {"user": 191, "question": 12, "chosen_answer": 46, "attempt_number": 7, "user_mark": "0.50", "is_bookmarked": false, "total_mark": 2.0}}, {"model": "user.quizattempt", "pk": 15, "fields": {"user": 193, "quiz": 10, "attempt_number": 16, "score": 2, "total_questions": 2}}, {"model": "user.quizattempt", "pk": 16, "fields": {"user": 193, "quiz": 11, "attempt_number": 5, "score": 1, "total_questions": 1}}, {"model": "user.quizattempt", "pk": 17, "fields": {"user": 193, "quiz": 4, "attempt_number": 4, "score": 3, "total_questions": 3}}, {"model": "user.quizattempt", "pk": 18, "fields": {"user": 191, "quiz": 10, "attempt_number": 7, "score": 1, "total_questions": 2}}, {"model": "user.quizattempt", "pk": 19, "fields": {"user": 191, "quiz": 4, "attempt_number": 2, "score": 3, "total_questions": 3}}, {"model": "user.quizattempt", "pk": 20, "fields": {"user": 191, "quiz": 11, "attempt_number": 2, "score": 0, "total_questions": 0}}, {"model": "account.emailaddress", "pk": 2, "fields": {"user": 180, "email": "captainluffy7890@gmail.com", "verified": true, "primary": true}}, {"model": "socialaccount.socialaccount", "pk": 14, "fields": {"user": 180, "provider": "google", "uid": "101649669251487305781", "last_login": "2024-01-25T00:00:51.563Z", "date_joined": "2024-01-24T21:21:05.402Z", "extra_data": {"iss": "https://accounts.google.com", "azp": "243664831717-95pgor1006eu73198iuuvokhd3bo62mt.apps.googleusercontent.com", "aud": "243664831717-95pgor1006eu73198iuuvokhd3bo62mt.apps.googleusercontent.com", "sub": "101649669251487305781", "email": "captainluffy7890@gmail.com", "email_verified": true, "at_hash": "OSDsRK0ufhznLwNTsYngxg", "iat": 1706140851, "exp": 1706144451}}}, {"model": "socialaccount.socialaccount", "pk": 20, "fields": {"user": 198, "provider": "google", "uid": "107915540788718998439", "last_login": "2024-01-30T01:43:30.058Z", "date_joined": "2024-01-30T01:34:19.061Z", "extra_data": {"iss": "https://accounts.google.com", "azp": "243664831717-95pgor1006eu73198iuuvokhd3bo62mt.apps.googleusercontent.com", "aud": "243664831717-95pgor1006eu73198iuuvokhd3bo62mt.apps.googleusercontent.com", "sub": "107915540788718998439", "email": "kyiphyushinthant4567@gmail.com", "email_verified": true, "at_hash": "eGk7QtLmX7Au2ym3vyABIA", "iat": 1706579010, "exp": 1706582610}}}, {"model": "sites.site", "pk": 1, "fields": {"domain": "localhost:8000", "name": "localhost:8000"}}, {"model": "django_cron.cronjoblog", "pk": 1, "fields": {"code": "yourapp.backup_database", "start_time": "2024-02-01T01:48:02.229Z", "end_time": "2024-02-01T01:48:02.295Z", "is_success": false, "message": "Traceback (most recent call last):\n  File \"C:\\Python311\\Lib\\site-packages\\django\\apps\\registry.py\", line 158, in get_app_config\n    return self.app_configs[app_label]\n           ~~~~~~~~~~~~~~~~^^^^^^^^^^^\nKeyError: '> backup'\n\nDuring handling of the above exception, another exception occurred:\n\nTraceback (most recent call last):\n  File \"C:\\Python311\\Lib\\site-packages\\django\\core\\management\\commands\\dumpdata.py\", line 139, in handle\n    app_config = apps.get_app_config(app_label)\n                 ^^^^^^^^^^^^^^^^^^^^^^^^^^^^^^\n  File \"C:\\Python311\\Lib\\site-packages\\django\\apps\\registry.py\", line 165, in get_app_config\n    raise LookupError(message)\nLookupError: No installed app with label '> backup'.\n\nDuring handling of the above exception, another exception occurred:\n\nTraceback (most recent call last):\n  File \"C:\\Python311\\Lib\\site-packages\\django_cron\\management\\commands\\runcrons.py\", line 82, in run_cron_with_cache_check\n    manager.run(force)\n  File \"C:\\Python311\\Lib\\site-packages\\django_cron\\__init__.py\", line 282, in run\n    self.msg = self.cron_job.do()\n               ^^^^^^^^^^^^^^^^^^\n  File \"C:\\Users\\kyiph\\fuckyou_1\\user\\task.py\", line 13, in do\n    call_command('dumpdata', '--exclude', 'auth.permission', '--exclude', 'contenttypes', '> backup.json')\n  File \"C:\\Python311\\Lib\\site-packages\\django\\core\\management\\__init__.py\", line 194, in call_command\n    return command.execute(*args, **defaults)\n           ^^^^^^^^^^^^^^^^^^^^^^^^^^^^^^^^^^\n  File \"C:\\Python311\\Lib\\site-packages\\django\\core\\management\\base.py\", line 458, in execute\n    output = self.handle(*args, **options)\n             ^^^^^^^^^^^^^^^^^^^^^^^^^^^^^\n  File \"C:\\Python311\\Lib\\site-packages\\django\\core\\management\\commands\\dumpdata.py\", line 141, in handle\n    raise CommandError(str(e))\ndjango.core.management.base.CommandError: No installed app with label '> backup'.\n\n", "ran_at_time": null}}, {"model": "django_cron.cronjoblog", "pk": 2, "fields": {"code": "yourapp.backup_database", "start_time": "2024-02-01T01:56:50.290Z", "end_time": "2024-02-01T01:56:50.306Z", "is_success": false, "message": "Traceback (most recent call last):\n  File \"C:\\Python311\\Lib\\site-packages\\django_cron\\management\\commands\\runcrons.py\", line 82, in run_cron_with_cache_check\n    manager.run(force)\n  File \"C:\\Python311\\Lib\\site-packages\\django_cron\\__init__.py\", line 282, in run\n    self.msg = self.cron_job.do()\n               ^^^^^^^^^^^^^^^^^^\n  File \"C:\\Users\\kyiph\\fuckyou_1\\user\\task.py\", line 19, in do\n    storage = FileSystemStorage(location=os.path.join(BASE_DIR, 'backup'))\n                                                      ^^^^^^^^\nNameError: name 'BASE_DIR' is not defined\n\n", "ran_at_time": null}}, {"model": "django_cron.cronjoblog", "pk": 3, "fields": {"code": "yourapp.backup_database", "start_time": "2024-02-01T02:11:54.283Z", "end_time": "2024-02-01T02:11:54.455Z", "is_success": true, "message": "", "ran_at_time": null}}, {"model": "django_cron.cronjoblog", "pk": 4, "fields": {"code": "yourapp.backup_database", "start_time": "2024-02-01T02:13:33.748Z", "end_time": "2024-02-01T02:13:33.866Z", "is_success": true, "message": "", "ran_at_time": null}}, {"model": "django_cron.cronjoblog", "pk": 5, "fields": {"code": "yourapp.backup_database", "start_time": "2024-02-01T02:19:53.107Z", "end_time": "2024-02-01T02:19:53.233Z", "is_success": true, "message": "", "ran_at_time": null}}]