CREATE TABLE IF NOT EXISTS "auth_group" ("id" integer NOT NULL PRIMARY KEY AUTOINCREMENT, "name" varchar(150) NOT NULL UNIQUE);
CREATE UNIQUE INDEX "auth_group_permissions_group_id_permission_id_0cd325b0_uniq" ON "auth_group_permissions" ("group_id", "permission_id");
CREATE INDEX IF NOT EXISTS "auth_group_permissions_group_id_b120cbf9" ON "auth_group_permissions" ("group_id");
CREATE INDEX IF NOT EXISTS "auth_group_permissions_permission_id_84c5c92e" ON "auth_group_permissions" ("permission_id");
CREATE UNIQUE INDEX "auth_user_groups_user_id_group_id_94350c0c_uniq" ON "auth_user_groups" ("user_id", "group_id");
CREATE INDEX IF NOT EXISTS "auth_user_groups_user_id_6a12ed8b" ON "auth_user_groups" ("user_id");
CREATE INDEX IF NOT EXISTS "auth_user_groups_group_id_97559544" ON "auth_user_groups" ("group_id");
CREATE UNIQUE INDEX "auth_user_user_permissions_user_id_permission_id_14a6b632_uniq" ON "auth_user_user_permissions" ("user_id", "permission_id");
CREATE INDEX IF NOT EXISTS "auth_user_user_permissions_user_id_a95ead1b" ON "auth_user_user_permissions" ("user_id");
CREATE INDEX IF NOT EXISTS "auth_user_user_permissions_permission_id_1fbb5f2c" ON "auth_user_user_permissions" ("permission_id");
CREATE INDEX IF NOT EXISTS "django_admin_log_content_type_id_c4bce8eb" ON "django_admin_log" ("content_type_id");
CREATE INDEX IF NOT EXISTS "django_admin_log_user_id_c564eba6" ON "django_admin_log" ("user_id");
CREATE UNIQUE INDEX "django_content_type_app_label_model_76bd3d3b_uniq" ON "django_content_type" ("app_label", "model");
CREATE UNIQUE INDEX "auth_permission_content_type_id_codename_01ab375a_uniq" ON "auth_permission" ("content_type_id", "codename");
CREATE INDEX IF NOT EXISTS "auth_permission_content_type_id_2f476e4b" ON "auth_permission" ("content_type_id");
CREATE INDEX IF NOT EXISTS "django_session_expire_date_a5c62663" ON "django_session" ("expire_date");
CREATE UNIQUE INDEX "user_usercutsom_groups_usercutsom_id_group_id_4e7fb806_uniq" ON "user_usercutsom_groups" ("usercutsom_id", "group_id");
CREATE INDEX IF NOT EXISTS "user_usercutsom_groups_usercutsom_id_dce02a38" ON "user_usercutsom_groups" ("usercutsom_id");
CREATE INDEX IF NOT EXISTS "user_usercutsom_groups_group_id_5efdf12e" ON "user_usercutsom_groups" ("group_id");
CREATE UNIQUE INDEX "user_usercutsom_user_permissions_usercutsom_id_permission_id_f91b0926_uniq" ON "user_usercutsom_user_permissions" ("usercutsom_id", "permission_id");
CREATE INDEX IF NOT EXISTS "user_usercutsom_user_permissions_usercutsom_id_2301015a" ON "user_usercutsom_user_permissions" ("usercutsom_id");
CREATE INDEX IF NOT EXISTS "user_usercutsom_user_permissions_permission_id_6111a6df" ON "user_usercutsom_user_permissions" ("permission_id");
CREATE INDEX IF NOT EXISTS "user_question_quiz_id_49c285a7" ON "user_question" ("quiz_id");
CREATE INDEX IF NOT EXISTS "user_answer_question_id_62eab67d" ON "user_answer" ("question_id");
CREATE INDEX IF NOT EXISTS "user_useranswer_chosen_answer_id_45c209ec" ON "user_useranswer" ("chosen_answer_id");
CREATE INDEX IF NOT EXISTS "user_useranswer_question_id_c8476b28" ON "user_useranswer" ("question_id");
CREATE INDEX IF NOT EXISTS "user_useranswer_user_id_c43b8989" ON "user_useranswer" ("user_id");
CREATE INDEX IF NOT EXISTS "otp_totp_totpdevice_user_id_0fb18292" ON "otp_totp_totpdevice" ("user_id");
CREATE INDEX IF NOT EXISTS "user_quiz_course_id_52e3ef7a" ON "user_quiz" ("course_id");
CREATE INDEX IF NOT EXISTS "user_quiz_owner_id_b69445be" ON "user_quiz" ("owner_id");
CREATE INDEX IF NOT EXISTS "user_user_answer_chosen_answer_id_7206f250" ON "user_user_answer" ("chosen_answer_id");
CREATE INDEX IF NOT EXISTS "user_user_answer_question_id_d17e9c42" ON "user_user_answer" ("question_id");
CREATE INDEX IF NOT EXISTS "user_user_answer_user_id_1371d673" ON "user_user_answer" ("user_id");
CREATE INDEX IF NOT EXISTS "django_apscheduler_djangojob_next_run_time_2f022619" ON "django_apscheduler_djangojob" ("next_run_time");
CREATE INDEX IF NOT EXISTS "django_apscheduler_djangojobexecution_run_time_16edd96b" ON "django_apscheduler_djangojobexecution" ("run_time");
CREATE INDEX IF NOT EXISTS "django_apscheduler_djangojobexecution_job_id_daf5090a" ON "django_apscheduler_djangojobexecution" ("job_id");
CREATE TABLE IF NOT EXISTS "auth_group_permissions" ("id" integer NOT NULL PRIMARY KEY AUTOINCREMENT, "group_id" integer NOT NULL REFERENCES "auth_group" ("id") DEFERRABLE INITIALLY DEFERRED, "permission_id" integer NOT NULL REFERENCES "auth_permission" ("id") DEFERRABLE INITIALLY DEFERRED);
CREATE UNIQUE INDEX "auth_group_permissions_group_id_permission_id_0cd325b0_uniq" ON "auth_group_permissions" ("group_id", "permission_id");
CREATE INDEX IF NOT EXISTS "auth_group_permissions_group_id_b120cbf9" ON "auth_group_permissions" ("group_id");
CREATE INDEX IF NOT EXISTS "auth_group_permissions_permission_id_84c5c92e" ON "auth_group_permissions" ("permission_id");
CREATE UNIQUE INDEX "auth_user_groups_user_id_group_id_94350c0c_uniq" ON "auth_user_groups" ("user_id", "group_id");
CREATE INDEX IF NOT EXISTS "auth_user_groups_user_id_6a12ed8b" ON "auth_user_groups" ("user_id");
CREATE INDEX IF NOT EXISTS "auth_user_groups_group_id_97559544" ON "auth_user_groups" ("group_id");
CREATE UNIQUE INDEX "auth_user_user_permissions_user_id_permission_id_14a6b632_uniq" ON "auth_user_user_permissions" ("user_id", "permission_id");
CREATE INDEX IF NOT EXISTS "auth_user_user_permissions_user_id_a95ead1b" ON "auth_user_user_permissions" ("user_id");
CREATE INDEX IF NOT EXISTS "auth_user_user_permissions_permission_id_1fbb5f2c" ON "auth_user_user_permissions" ("permission_id");
CREATE INDEX IF NOT EXISTS "django_admin_log_content_type_id_c4bce8eb" ON "django_admin_log" ("content_type_id");
CREATE INDEX IF NOT EXISTS "django_admin_log_user_id_c564eba6" ON "django_admin_log" ("user_id");
CREATE UNIQUE INDEX "django_content_type_app_label_model_76bd3d3b_uniq" ON "django_content_type" ("app_label", "model");
CREATE UNIQUE INDEX "auth_permission_content_type_id_codename_01ab375a_uniq" ON "auth_permission" ("content_type_id", "codename");
CREATE INDEX IF NOT EXISTS "auth_permission_content_type_id_2f476e4b" ON "auth_permission" ("content_type_id");
CREATE INDEX IF NOT EXISTS "django_session_expire_date_a5c62663" ON "django_session" ("expire_date");
CREATE UNIQUE INDEX "user_usercutsom_groups_usercutsom_id_group_id_4e7fb806_uniq" ON "user_usercutsom_groups" ("usercutsom_id", "group_id");
CREATE INDEX IF NOT EXISTS "user_usercutsom_groups_usercutsom_id_dce02a38" ON "user_usercutsom_groups" ("usercutsom_id");
CREATE INDEX IF NOT EXISTS "user_usercutsom_groups_group_id_5efdf12e" ON "user_usercutsom_groups" ("group_id");
CREATE UNIQUE INDEX "user_usercutsom_user_permissions_usercutsom_id_permission_id_f91b0926_uniq" ON "user_usercutsom_user_permissions" ("usercutsom_id", "permission_id");
CREATE INDEX IF NOT EXISTS "user_usercutsom_user_permissions_usercutsom_id_2301015a" ON "user_usercutsom_user_permissions" ("usercutsom_id");
CREATE INDEX IF NOT EXISTS "user_usercutsom_user_permissions_permission_id_6111a6df" ON "user_usercutsom_user_permissions" ("permission_id");
CREATE INDEX IF NOT EXISTS "user_question_quiz_id_49c285a7" ON "user_question" ("quiz_id");
CREATE INDEX IF NOT EXISTS "user_answer_question_id_62eab67d" ON "user_answer" ("question_id");
CREATE INDEX IF NOT EXISTS "user_useranswer_chosen_answer_id_45c209ec" ON "user_useranswer" ("chosen_answer_id");
CREATE INDEX IF NOT EXISTS "user_useranswer_question_id_c8476b28" ON "user_useranswer" ("question_id");
CREATE INDEX IF NOT EXISTS "user_useranswer_user_id_c43b8989" ON "user_useranswer" ("user_id");
CREATE INDEX IF NOT EXISTS "otp_totp_totpdevice_user_id_0fb18292" ON "otp_totp_totpdevice" ("user_id");
CREATE INDEX IF NOT EXISTS "user_quiz_course_id_52e3ef7a" ON "user_quiz" ("course_id");
CREATE INDEX IF NOT EXISTS "user_quiz_owner_id_b69445be" ON "user_quiz" ("owner_id");
CREATE INDEX IF NOT EXISTS "user_user_answer_chosen_answer_id_7206f250" ON "user_user_answer" ("chosen_answer_id");
CREATE INDEX IF NOT EXISTS "user_user_answer_question_id_d17e9c42" ON "user_user_answer" ("question_id");
CREATE INDEX IF NOT EXISTS "user_user_answer_user_id_1371d673" ON "user_user_answer" ("user_id");
CREATE INDEX IF NOT EXISTS "django_apscheduler_djangojob_next_run_time_2f022619" ON "django_apscheduler_djangojob" ("next_run_time");
CREATE INDEX IF NOT EXISTS "django_apscheduler_djangojobexecution_run_time_16edd96b" ON "django_apscheduler_djangojobexecution" ("run_time");
CREATE INDEX IF NOT EXISTS "django_apscheduler_djangojobexecution_job_id_daf5090a" ON "django_apscheduler_djangojobexecution" ("job_id");
CREATE TABLE IF NOT EXISTS "auth_permission" ("id" integer NOT NULL PRIMARY KEY AUTOINCREMENT, "content_type_id" integer NOT NULL REFERENCES "django_content_type" ("id") DEFERRABLE INITIALLY DEFERRED, "codename" varchar(100) NOT NULL, "name" varchar(255) NOT NULL);
INSERT INTO "auth_permission" VALUES(1,1,'add_logentry','Can add log entry');
INSERT INTO "auth_permission" VALUES(2,1,'change_logentry','Can change log entry');
INSERT INTO "auth_permission" VALUES(3,1,'delete_logentry','Can delete log entry');
INSERT INTO "auth_permission" VALUES(4,1,'view_logentry','Can view log entry');
INSERT INTO "auth_permission" VALUES(5,2,'add_permission','Can add permission');
INSERT INTO "auth_permission" VALUES(6,2,'change_permission','Can change permission');
INSERT INTO "auth_permission" VALUES(7,2,'delete_permission','Can delete permission');
INSERT INTO "auth_permission" VALUES(8,2,'view_permission','Can view permission');
INSERT INTO "auth_permission" VALUES(9,3,'add_group','Can add group');
INSERT INTO "auth_permission" VALUES(10,3,'change_group','Can change group');
INSERT INTO "auth_permission" VALUES(11,3,'delete_group','Can delete group');
INSERT INTO "auth_permission" VALUES(12,3,'view_group','Can view group');
INSERT INTO "auth_permission" VALUES(13,4,'add_user','Can add user');
INSERT INTO "auth_permission" VALUES(14,4,'change_user','Can change user');
INSERT INTO "auth_permission" VALUES(15,4,'delete_user','Can delete user');
INSERT INTO "auth_permission" VALUES(16,4,'view_user','Can view user');
INSERT INTO "auth_permission" VALUES(17,5,'add_contenttype','Can add content type');
INSERT INTO "auth_permission" VALUES(18,5,'change_contenttype','Can change content type');
INSERT INTO "auth_permission" VALUES(19,5,'delete_contenttype','Can delete content type');
INSERT INTO "auth_permission" VALUES(20,5,'view_contenttype','Can view content type');
INSERT INTO "auth_permission" VALUES(21,6,'add_session','Can add session');
INSERT INTO "auth_permission" VALUES(22,6,'change_session','Can change session');
INSERT INTO "auth_permission" VALUES(23,6,'delete_session','Can delete session');
INSERT INTO "auth_permission" VALUES(24,6,'view_session','Can view session');
INSERT INTO "auth_permission" VALUES(25,7,'add_usercutsom','Can add user');
INSERT INTO "auth_permission" VALUES(26,7,'change_usercutsom','Can change user');
INSERT INTO "auth_permission" VALUES(27,7,'delete_usercutsom','Can delete user');
INSERT INTO "auth_permission" VALUES(28,7,'view_usercutsom','Can view user');
INSERT INTO "auth_permission" VALUES(29,8,'add_learner','Can add learner');
INSERT INTO "auth_permission" VALUES(30,8,'change_learner','Can change learner');
INSERT INTO "auth_permission" VALUES(31,8,'delete_learner','Can delete learner');
INSERT INTO "auth_permission" VALUES(32,8,'view_learner','Can view learner');
INSERT INTO "auth_permission" VALUES(33,9,'add_instructor','Can add instructor');
INSERT INTO "auth_permission" VALUES(34,9,'change_instructor','Can change instructor');
INSERT INTO "auth_permission" VALUES(35,9,'delete_instructor','Can delete instructor');
INSERT INTO "auth_permission" VALUES(36,9,'view_instructor','Can view instructor');
INSERT INTO "auth_permission" VALUES(37,10,'add_profile','Can add profile');
INSERT INTO "auth_permission" VALUES(38,10,'change_profile','Can change profile');
INSERT INTO "auth_permission" VALUES(39,10,'delete_profile','Can delete profile');
INSERT INTO "auth_permission" VALUES(40,10,'view_profile','Can view profile');
INSERT INTO "auth_permission" VALUES(41,11,'add_course','Can add course');
INSERT INTO "auth_permission" VALUES(42,11,'change_course','Can change course');
INSERT INTO "auth_permission" VALUES(43,11,'delete_course','Can delete course');
INSERT INTO "auth_permission" VALUES(44,11,'view_course','Can view course');
INSERT INTO "auth_permission" VALUES(45,12,'add_quiz','Can add quiz');
INSERT INTO "auth_permission" VALUES(46,12,'change_quiz','Can change quiz');
INSERT INTO "auth_permission" VALUES(47,12,'delete_quiz','Can delete quiz');
INSERT INTO "auth_permission" VALUES(48,12,'view_quiz','Can view quiz');
INSERT INTO "auth_permission" VALUES(49,13,'add_question','Can add question');
INSERT INTO "auth_permission" VALUES(50,13,'change_question','Can change question');
INSERT INTO "auth_permission" VALUES(51,13,'delete_question','Can delete question');
INSERT INTO "auth_permission" VALUES(52,13,'view_question','Can view question');
INSERT INTO "auth_permission" VALUES(53,14,'add_answer','Can add Answer');
INSERT INTO "auth_permission" VALUES(54,14,'change_answer','Can change Answer');
INSERT INTO "auth_permission" VALUES(55,14,'delete_answer','Can delete Answer');
INSERT INTO "auth_permission" VALUES(56,14,'view_answer','Can view Answer');
INSERT INTO "auth_permission" VALUES(57,15,'add_useranswer','Can add user answer');
INSERT INTO "auth_permission" VALUES(58,15,'change_useranswer','Can change user answer');
INSERT INTO "auth_permission" VALUES(59,15,'delete_useranswer','Can delete user answer');
INSERT INTO "auth_permission" VALUES(60,15,'view_useranswer','Can view user answer');
INSERT INTO "auth_permission" VALUES(61,16,'add_user_answer','Can add user_ answer');
INSERT INTO "auth_permission" VALUES(62,16,'change_user_answer','Can change user_ answer');
INSERT INTO "auth_permission" VALUES(63,16,'delete_user_answer','Can delete user_ answer');
INSERT INTO "auth_permission" VALUES(64,16,'view_user_answer','Can view user_ answer');
INSERT INTO "auth_permission" VALUES(65,17,'add_quizattempt','Can add quiz attempt');
INSERT INTO "auth_permission" VALUES(66,17,'change_quizattempt','Can change quiz attempt');
INSERT INTO "auth_permission" VALUES(67,17,'delete_quizattempt','Can delete quiz attempt');
INSERT INTO "auth_permission" VALUES(68,17,'view_quizattempt','Can view quiz attempt');
INSERT INTO "auth_permission" VALUES(69,18,'add_totpdevice','Can add TOTP device');
INSERT INTO "auth_permission" VALUES(70,18,'change_totpdevice','Can change TOTP device');
INSERT INTO "auth_permission" VALUES(71,18,'delete_totpdevice','Can delete TOTP device');
INSERT INTO "auth_permission" VALUES(72,18,'view_totpdevice','Can view TOTP device');
INSERT INTO "auth_permission" VALUES(73,19,'add_accessattempt','Can add access attempt');
INSERT INTO "auth_permission" VALUES(74,19,'change_accessattempt','Can change access attempt');
INSERT INTO "auth_permission" VALUES(75,19,'delete_accessattempt','Can delete access attempt');
INSERT INTO "auth_permission" VALUES(76,19,'view_accessattempt','Can view access attempt');
INSERT INTO "auth_permission" VALUES(77,20,'add_djangojob','Can add django job');
INSERT INTO "auth_permission" VALUES(78,20,'change_djangojob','Can change django job');
INSERT INTO "auth_permission" VALUES(79,20,'delete_djangojob','Can delete django job');
INSERT INTO "auth_permission" VALUES(80,20,'view_djangojob','Can view django job');
INSERT INTO "auth_permission" VALUES(81,21,'add_djangojobexecution','Can add django job execution');
INSERT INTO "auth_permission" VALUES(82,21,'change_djangojobexecution','Can change django job execution');
INSERT INTO "auth_permission" VALUES(83,21,'delete_djangojobexecution','Can delete django job execution');
INSERT INTO "auth_permission" VALUES(84,21,'view_djangojobexecution','Can view django job execution');
CREATE UNIQUE INDEX "auth_group_permissions_group_id_permission_id_0cd325b0_uniq" ON "auth_group_permissions" ("group_id", "permission_id");
CREATE INDEX IF NOT EXISTS "auth_group_permissions_group_id_b120cbf9" ON "auth_group_permissions" ("group_id");
CREATE INDEX IF NOT EXISTS "auth_group_permissions_permission_id_84c5c92e" ON "auth_group_permissions" ("permission_id");
CREATE UNIQUE INDEX "auth_user_groups_user_id_group_id_94350c0c_uniq" ON "auth_user_groups" ("user_id", "group_id");
CREATE INDEX IF NOT EXISTS "auth_user_groups_user_id_6a12ed8b" ON "auth_user_groups" ("user_id");
CREATE INDEX IF NOT EXISTS "auth_user_groups_group_id_97559544" ON "auth_user_groups" ("group_id");
CREATE UNIQUE INDEX "auth_user_user_permissions_user_id_permission_id_14a6b632_uniq" ON "auth_user_user_permissions" ("user_id", "permission_id");
CREATE INDEX IF NOT EXISTS "auth_user_user_permissions_user_id_a95ead1b" ON "auth_user_user_permissions" ("user_id");
CREATE INDEX IF NOT EXISTS "auth_user_user_permissions_permission_id_1fbb5f2c" ON "auth_user_user_permissions" ("permission_id");
CREATE INDEX IF NOT EXISTS "django_admin_log_content_type_id_c4bce8eb" ON "django_admin_log" ("content_type_id");
CREATE INDEX IF NOT EXISTS "django_admin_log_user_id_c564eba6" ON "django_admin_log" ("user_id");
CREATE UNIQUE INDEX "django_content_type_app_label_model_76bd3d3b_uniq" ON "django_content_type" ("app_label", "model");
CREATE UNIQUE INDEX "auth_permission_content_type_id_codename_01ab375a_uniq" ON "auth_permission" ("content_type_id", "codename");
CREATE INDEX IF NOT EXISTS "auth_permission_content_type_id_2f476e4b" ON "auth_permission" ("content_type_id");
CREATE INDEX IF NOT EXISTS "django_session_expire_date_a5c62663" ON "django_session" ("expire_date");
CREATE UNIQUE INDEX "user_usercutsom_groups_usercutsom_id_group_id_4e7fb806_uniq" ON "user_usercutsom_groups" ("usercutsom_id", "group_id");
CREATE INDEX IF NOT EXISTS "user_usercutsom_groups_usercutsom_id_dce02a38" ON "user_usercutsom_groups" ("usercutsom_id");
CREATE INDEX IF NOT EXISTS "user_usercutsom_groups_group_id_5efdf12e" ON "user_usercutsom_groups" ("group_id");
CREATE UNIQUE INDEX "user_usercutsom_user_permissions_usercutsom_id_permission_id_f91b0926_uniq" ON "user_usercutsom_user_permissions" ("usercutsom_id", "permission_id");
CREATE INDEX IF NOT EXISTS "user_usercutsom_user_permissions_usercutsom_id_2301015a" ON "user_usercutsom_user_permissions" ("usercutsom_id");
CREATE INDEX IF NOT EXISTS "user_usercutsom_user_permissions_permission_id_6111a6df" ON "user_usercutsom_user_permissions" ("permission_id");
CREATE INDEX IF NOT EXISTS "user_question_quiz_id_49c285a7" ON "user_question" ("quiz_id");
CREATE INDEX IF NOT EXISTS "user_answer_question_id_62eab67d" ON "user_answer" ("question_id");
CREATE INDEX IF NOT EXISTS "user_useranswer_chosen_answer_id_45c209ec" ON "user_useranswer" ("chosen_answer_id");
CREATE INDEX IF NOT EXISTS "user_useranswer_question_id_c8476b28" ON "user_useranswer" ("question_id");
CREATE INDEX IF NOT EXISTS "user_useranswer_user_id_c43b8989" ON "user_useranswer" ("user_id");
CREATE INDEX IF NOT EXISTS "otp_totp_totpdevice_user_id_0fb18292" ON "otp_totp_totpdevice" ("user_id");
CREATE INDEX IF NOT EXISTS "user_quiz_course_id_52e3ef7a" ON "user_quiz" ("course_id");
CREATE INDEX IF NOT EXISTS "user_quiz_owner_id_b69445be" ON "user_quiz" ("owner_id");
CREATE INDEX IF NOT EXISTS "user_user_answer_chosen_answer_id_7206f250" ON "user_user_answer" ("chosen_answer_id");
CREATE INDEX IF NOT EXISTS "user_user_answer_question_id_d17e9c42" ON "user_user_answer" ("question_id");
CREATE INDEX IF NOT EXISTS "user_user_answer_user_id_1371d673" ON "user_user_answer" ("user_id");
CREATE INDEX IF NOT EXISTS "django_apscheduler_djangojob_next_run_time_2f022619" ON "django_apscheduler_djangojob" ("next_run_time");
CREATE INDEX IF NOT EXISTS "django_apscheduler_djangojobexecution_run_time_16edd96b" ON "django_apscheduler_djangojobexecution" ("run_time");
CREATE INDEX IF NOT EXISTS "django_apscheduler_djangojobexecution_job_id_daf5090a" ON "django_apscheduler_djangojobexecution" ("job_id");
CREATE TABLE IF NOT EXISTS "auth_user" ("id" integer NOT NULL PRIMARY KEY AUTOINCREMENT, "password" varchar(128) NOT NULL, "last_login" datetime NULL, "is_superuser" bool NOT NULL, "username" varchar(150) NOT NULL UNIQUE, "last_name" varchar(150) NOT NULL, "email" varchar(254) NOT NULL, "is_staff" bool NOT NULL, "is_active" bool NOT NULL, "date_joined" datetime NOT NULL, "first_name" varchar(150) NOT NULL);
INSERT INTO "auth_user" VALUES(1,'pbkdf2_sha256$720000$fMOrEjF0J83e2dWQbQePCQ$tFwC5x81r6nYqdtt2xemUSvUuUqMCs1lKstuCIyIwT0=','2024-01-19 16:57:07.343611',1,'kyiphyu','','kyi@gmail.com',1,1,'2024-01-13 13:04:02.369332','');
INSERT INTO "auth_user" VALUES(3,'pbkdf2_sha256$720000$swDSikMEJ2bP4SylsZ5bF1$h8lGluaet/w0E5Q6POUFX6QqUMni0SThA71uu+oXm7I=',NULL,0,'oda','','',0,1,'2024-01-15 05:10:58.500913','');
INSERT INTO "auth_user" VALUES(4,'pbkdf2_sha256$720000$Uo53D4GDX9mPthZp1h7kz6$8uXscJobB/XGfK+9qdaHUJNUAvlTwvcx5iLB+CR+nns=',NULL,0,'kyi','','',0,1,'2024-01-15 06:10:40.772783','');
CREATE UNIQUE INDEX "auth_group_permissions_group_id_permission_id_0cd325b0_uniq" ON "auth_group_permissions" ("group_id", "permission_id");
CREATE INDEX IF NOT EXISTS "auth_group_permissions_group_id_b120cbf9" ON "auth_group_permissions" ("group_id");
CREATE INDEX IF NOT EXISTS "auth_group_permissions_permission_id_84c5c92e" ON "auth_group_permissions" ("permission_id");
CREATE UNIQUE INDEX "auth_user_groups_user_id_group_id_94350c0c_uniq" ON "auth_user_groups" ("user_id", "group_id");
CREATE INDEX IF NOT EXISTS "auth_user_groups_user_id_6a12ed8b" ON "auth_user_groups" ("user_id");
CREATE INDEX IF NOT EXISTS "auth_user_groups_group_id_97559544" ON "auth_user_groups" ("group_id");
CREATE UNIQUE INDEX "auth_user_user_permissions_user_id_permission_id_14a6b632_uniq" ON "auth_user_user_permissions" ("user_id", "permission_id");
CREATE INDEX IF NOT EXISTS "auth_user_user_permissions_user_id_a95ead1b" ON "auth_user_user_permissions" ("user_id");
CREATE INDEX IF NOT EXISTS "auth_user_user_permissions_permission_id_1fbb5f2c" ON "auth_user_user_permissions" ("permission_id");
CREATE INDEX IF NOT EXISTS "django_admin_log_content_type_id_c4bce8eb" ON "django_admin_log" ("content_type_id");
CREATE INDEX IF NOT EXISTS "django_admin_log_user_id_c564eba6" ON "django_admin_log" ("user_id");
CREATE UNIQUE INDEX "django_content_type_app_label_model_76bd3d3b_uniq" ON "django_content_type" ("app_label", "model");
CREATE UNIQUE INDEX "auth_permission_content_type_id_codename_01ab375a_uniq" ON "auth_permission" ("content_type_id", "codename");
CREATE INDEX IF NOT EXISTS "auth_permission_content_type_id_2f476e4b" ON "auth_permission" ("content_type_id");
CREATE INDEX IF NOT EXISTS "django_session_expire_date_a5c62663" ON "django_session" ("expire_date");
CREATE UNIQUE INDEX "user_usercutsom_groups_usercutsom_id_group_id_4e7fb806_uniq" ON "user_usercutsom_groups" ("usercutsom_id", "group_id");
CREATE INDEX IF NOT EXISTS "user_usercutsom_groups_usercutsom_id_dce02a38" ON "user_usercutsom_groups" ("usercutsom_id");
CREATE INDEX IF NOT EXISTS "user_usercutsom_groups_group_id_5efdf12e" ON "user_usercutsom_groups" ("group_id");
CREATE UNIQUE INDEX "user_usercutsom_user_permissions_usercutsom_id_permission_id_f91b0926_uniq" ON "user_usercutsom_user_permissions" ("usercutsom_id", "permission_id");
CREATE INDEX IF NOT EXISTS "user_usercutsom_user_permissions_usercutsom_id_2301015a" ON "user_usercutsom_user_permissions" ("usercutsom_id");
CREATE INDEX IF NOT EXISTS "user_usercutsom_user_permissions_permission_id_6111a6df" ON "user_usercutsom_user_permissions" ("permission_id");
CREATE INDEX IF NOT EXISTS "user_question_quiz_id_49c285a7" ON "user_question" ("quiz_id");
CREATE INDEX IF NOT EXISTS "user_answer_question_id_62eab67d" ON "user_answer" ("question_id");
CREATE INDEX IF NOT EXISTS "user_useranswer_chosen_answer_id_45c209ec" ON "user_useranswer" ("chosen_answer_id");
CREATE INDEX IF NOT EXISTS "user_useranswer_question_id_c8476b28" ON "user_useranswer" ("question_id");
CREATE INDEX IF NOT EXISTS "user_useranswer_user_id_c43b8989" ON "user_useranswer" ("user_id");
CREATE INDEX IF NOT EXISTS "otp_totp_totpdevice_user_id_0fb18292" ON "otp_totp_totpdevice" ("user_id");
CREATE INDEX IF NOT EXISTS "user_quiz_course_id_52e3ef7a" ON "user_quiz" ("course_id");
CREATE INDEX IF NOT EXISTS "user_quiz_owner_id_b69445be" ON "user_quiz" ("owner_id");
CREATE INDEX IF NOT EXISTS "user_user_answer_chosen_answer_id_7206f250" ON "user_user_answer" ("chosen_answer_id");
CREATE INDEX IF NOT EXISTS "user_user_answer_question_id_d17e9c42" ON "user_user_answer" ("question_id");
CREATE INDEX IF NOT EXISTS "user_user_answer_user_id_1371d673" ON "user_user_answer" ("user_id");
CREATE INDEX IF NOT EXISTS "django_apscheduler_djangojob_next_run_time_2f022619" ON "django_apscheduler_djangojob" ("next_run_time");
CREATE INDEX IF NOT EXISTS "django_apscheduler_djangojobexecution_run_time_16edd96b" ON "django_apscheduler_djangojobexecution" ("run_time");
CREATE INDEX IF NOT EXISTS "django_apscheduler_djangojobexecution_job_id_daf5090a" ON "django_apscheduler_djangojobexecution" ("job_id");
CREATE TABLE IF NOT EXISTS "auth_user_groups" ("id" integer NOT NULL PRIMARY KEY AUTOINCREMENT, "user_id" integer NOT NULL REFERENCES "auth_user" ("id") DEFERRABLE INITIALLY DEFERRED, "group_id" integer NOT NULL REFERENCES "auth_group" ("id") DEFERRABLE INITIALLY DEFERRED);
CREATE UNIQUE INDEX "auth_group_permissions_group_id_permission_id_0cd325b0_uniq" ON "auth_group_permissions" ("group_id", "permission_id");
CREATE INDEX IF NOT EXISTS "auth_group_permissions_group_id_b120cbf9" ON "auth_group_permissions" ("group_id");
CREATE INDEX IF NOT EXISTS "auth_group_permissions_permission_id_84c5c92e" ON "auth_group_permissions" ("permission_id");
CREATE UNIQUE INDEX "auth_user_groups_user_id_group_id_94350c0c_uniq" ON "auth_user_groups" ("user_id", "group_id");
CREATE INDEX IF NOT EXISTS "auth_user_groups_user_id_6a12ed8b" ON "auth_user_groups" ("user_id");
CREATE INDEX IF NOT EXISTS "auth_user_groups_group_id_97559544" ON "auth_user_groups" ("group_id");
CREATE UNIQUE INDEX "auth_user_user_permissions_user_id_permission_id_14a6b632_uniq" ON "auth_user_user_permissions" ("user_id", "permission_id");
CREATE INDEX IF NOT EXISTS "auth_user_user_permissions_user_id_a95ead1b" ON "auth_user_user_permissions" ("user_id");
CREATE INDEX IF NOT EXISTS "auth_user_user_permissions_permission_id_1fbb5f2c" ON "auth_user_user_permissions" ("permission_id");
CREATE INDEX IF NOT EXISTS "django_admin_log_content_type_id_c4bce8eb" ON "django_admin_log" ("content_type_id");
CREATE INDEX IF NOT EXISTS "django_admin_log_user_id_c564eba6" ON "django_admin_log" ("user_id");
CREATE UNIQUE INDEX "django_content_type_app_label_model_76bd3d3b_uniq" ON "django_content_type" ("app_label", "model");
CREATE UNIQUE INDEX "auth_permission_content_type_id_codename_01ab375a_uniq" ON "auth_permission" ("content_type_id", "codename");
CREATE INDEX IF NOT EXISTS "auth_permission_content_type_id_2f476e4b" ON "auth_permission" ("content_type_id");
CREATE INDEX IF NOT EXISTS "django_session_expire_date_a5c62663" ON "django_session" ("expire_date");
CREATE UNIQUE INDEX "user_usercutsom_groups_usercutsom_id_group_id_4e7fb806_uniq" ON "user_usercutsom_groups" ("usercutsom_id", "group_id");
CREATE INDEX IF NOT EXISTS "user_usercutsom_groups_usercutsom_id_dce02a38" ON "user_usercutsom_groups" ("usercutsom_id");
CREATE INDEX IF NOT EXISTS "user_usercutsom_groups_group_id_5efdf12e" ON "user_usercutsom_groups" ("group_id");
CREATE UNIQUE INDEX "user_usercutsom_user_permissions_usercutsom_id_permission_id_f91b0926_uniq" ON "user_usercutsom_user_permissions" ("usercutsom_id", "permission_id");
CREATE INDEX IF NOT EXISTS "user_usercutsom_user_permissions_usercutsom_id_2301015a" ON "user_usercutsom_user_permissions" ("usercutsom_id");
CREATE INDEX IF NOT EXISTS "user_usercutsom_user_permissions_permission_id_6111a6df" ON "user_usercutsom_user_permissions" ("permission_id");
CREATE INDEX IF NOT EXISTS "user_question_quiz_id_49c285a7" ON "user_question" ("quiz_id");
CREATE INDEX IF NOT EXISTS "user_answer_question_id_62eab67d" ON "user_answer" ("question_id");
CREATE INDEX IF NOT EXISTS "user_useranswer_chosen_answer_id_45c209ec" ON "user_useranswer" ("chosen_answer_id");
CREATE INDEX IF NOT EXISTS "user_useranswer_question_id_c8476b28" ON "user_useranswer" ("question_id");
CREATE INDEX IF NOT EXISTS "user_useranswer_user_id_c43b8989" ON "user_useranswer" ("user_id");
CREATE INDEX IF NOT EXISTS "otp_totp_totpdevice_user_id_0fb18292" ON "otp_totp_totpdevice" ("user_id");
CREATE INDEX IF NOT EXISTS "user_quiz_course_id_52e3ef7a" ON "user_quiz" ("course_id");
CREATE INDEX IF NOT EXISTS "user_quiz_owner_id_b69445be" ON "user_quiz" ("owner_id");
CREATE INDEX IF NOT EXISTS "user_user_answer_chosen_answer_id_7206f250" ON "user_user_answer" ("chosen_answer_id");
CREATE INDEX IF NOT EXISTS "user_user_answer_question_id_d17e9c42" ON "user_user_answer" ("question_id");
CREATE INDEX IF NOT EXISTS "user_user_answer_user_id_1371d673" ON "user_user_answer" ("user_id");
CREATE INDEX IF NOT EXISTS "django_apscheduler_djangojob_next_run_time_2f022619" ON "django_apscheduler_djangojob" ("next_run_time");
CREATE INDEX IF NOT EXISTS "django_apscheduler_djangojobexecution_run_time_16edd96b" ON "django_apscheduler_djangojobexecution" ("run_time");
CREATE INDEX IF NOT EXISTS "django_apscheduler_djangojobexecution_job_id_daf5090a" ON "django_apscheduler_djangojobexecution" ("job_id");
CREATE TABLE IF NOT EXISTS "auth_user_user_permissions" ("id" integer NOT NULL PRIMARY KEY AUTOINCREMENT, "user_id" integer NOT NULL REFERENCES "auth_user" ("id") DEFERRABLE INITIALLY DEFERRED, "permission_id" integer NOT NULL REFERENCES "auth_permission" ("id") DEFERRABLE INITIALLY DEFERRED);
CREATE UNIQUE INDEX "auth_group_permissions_group_id_permission_id_0cd325b0_uniq" ON "auth_group_permissions" ("group_id", "permission_id");
CREATE INDEX IF NOT EXISTS "auth_group_permissions_group_id_b120cbf9" ON "auth_group_permissions" ("group_id");
CREATE INDEX IF NOT EXISTS "auth_group_permissions_permission_id_84c5c92e" ON "auth_group_permissions" ("permission_id");
CREATE UNIQUE INDEX "auth_user_groups_user_id_group_id_94350c0c_uniq" ON "auth_user_groups" ("user_id", "group_id");
CREATE INDEX IF NOT EXISTS "auth_user_groups_user_id_6a12ed8b" ON "auth_user_groups" ("user_id");
CREATE INDEX IF NOT EXISTS "auth_user_groups_group_id_97559544" ON "auth_user_groups" ("group_id");
CREATE UNIQUE INDEX "auth_user_user_permissions_user_id_permission_id_14a6b632_uniq" ON "auth_user_user_permissions" ("user_id", "permission_id");
CREATE INDEX IF NOT EXISTS "auth_user_user_permissions_user_id_a95ead1b" ON "auth_user_user_permissions" ("user_id");
CREATE INDEX IF NOT EXISTS "auth_user_user_permissions_permission_id_1fbb5f2c" ON "auth_user_user_permissions" ("permission_id");
CREATE INDEX IF NOT EXISTS "django_admin_log_content_type_id_c4bce8eb" ON "django_admin_log" ("content_type_id");
CREATE INDEX IF NOT EXISTS "django_admin_log_user_id_c564eba6" ON "django_admin_log" ("user_id");
CREATE UNIQUE INDEX "django_content_type_app_label_model_76bd3d3b_uniq" ON "django_content_type" ("app_label", "model");
CREATE UNIQUE INDEX "auth_permission_content_type_id_codename_01ab375a_uniq" ON "auth_permission" ("content_type_id", "codename");
CREATE INDEX IF NOT EXISTS "auth_permission_content_type_id_2f476e4b" ON "auth_permission" ("content_type_id");
CREATE INDEX IF NOT EXISTS "django_session_expire_date_a5c62663" ON "django_session" ("expire_date");
CREATE UNIQUE INDEX "user_usercutsom_groups_usercutsom_id_group_id_4e7fb806_uniq" ON "user_usercutsom_groups" ("usercutsom_id", "group_id");
CREATE INDEX IF NOT EXISTS "user_usercutsom_groups_usercutsom_id_dce02a38" ON "user_usercutsom_groups" ("usercutsom_id");
CREATE INDEX IF NOT EXISTS "user_usercutsom_groups_group_id_5efdf12e" ON "user_usercutsom_groups" ("group_id");
CREATE UNIQUE INDEX "user_usercutsom_user_permissions_usercutsom_id_permission_id_f91b0926_uniq" ON "user_usercutsom_user_permissions" ("usercutsom_id", "permission_id");
CREATE INDEX IF NOT EXISTS "user_usercutsom_user_permissions_usercutsom_id_2301015a" ON "user_usercutsom_user_permissions" ("usercutsom_id");
CREATE INDEX IF NOT EXISTS "user_usercutsom_user_permissions_permission_id_6111a6df" ON "user_usercutsom_user_permissions" ("permission_id");
CREATE INDEX IF NOT EXISTS "user_question_quiz_id_49c285a7" ON "user_question" ("quiz_id");
CREATE INDEX IF NOT EXISTS "user_answer_question_id_62eab67d" ON "user_answer" ("question_id");
CREATE INDEX IF NOT EXISTS "user_useranswer_chosen_answer_id_45c209ec" ON "user_useranswer" ("chosen_answer_id");
CREATE INDEX IF NOT EXISTS "user_useranswer_question_id_c8476b28" ON "user_useranswer" ("question_id");
CREATE INDEX IF NOT EXISTS "user_useranswer_user_id_c43b8989" ON "user_useranswer" ("user_id");
CREATE INDEX IF NOT EXISTS "otp_totp_totpdevice_user_id_0fb18292" ON "otp_totp_totpdevice" ("user_id");
CREATE INDEX IF NOT EXISTS "user_quiz_course_id_52e3ef7a" ON "user_quiz" ("course_id");
CREATE INDEX IF NOT EXISTS "user_quiz_owner_id_b69445be" ON "user_quiz" ("owner_id");
CREATE INDEX IF NOT EXISTS "user_user_answer_chosen_answer_id_7206f250" ON "user_user_answer" ("chosen_answer_id");
CREATE INDEX IF NOT EXISTS "user_user_answer_question_id_d17e9c42" ON "user_user_answer" ("question_id");
CREATE INDEX IF NOT EXISTS "user_user_answer_user_id_1371d673" ON "user_user_answer" ("user_id");
CREATE INDEX IF NOT EXISTS "django_apscheduler_djangojob_next_run_time_2f022619" ON "django_apscheduler_djangojob" ("next_run_time");
CREATE INDEX IF NOT EXISTS "django_apscheduler_djangojobexecution_run_time_16edd96b" ON "django_apscheduler_djangojobexecution" ("run_time");
CREATE INDEX IF NOT EXISTS "django_apscheduler_djangojobexecution_job_id_daf5090a" ON "django_apscheduler_djangojobexecution" ("job_id");
CREATE TABLE IF NOT EXISTS "defender_accessattempt" ("id" integer NOT NULL PRIMARY KEY AUTOINCREMENT, "user_agent" varchar(255) NOT NULL, "ip_address" char(39) NULL, "username" varchar(255) NULL, "http_accept" varchar(1025) NOT NULL, "path_info" varchar(255) NOT NULL, "attempt_time" datetime NOT NULL, "login_valid" bool NOT NULL);
CREATE UNIQUE INDEX "auth_group_permissions_group_id_permission_id_0cd325b0_uniq" ON "auth_group_permissions" ("group_id", "permission_id");
CREATE INDEX IF NOT EXISTS "auth_group_permissions_group_id_b120cbf9" ON "auth_group_permissions" ("group_id");
CREATE INDEX IF NOT EXISTS "auth_group_permissions_permission_id_84c5c92e" ON "auth_group_permissions" ("permission_id");
CREATE UNIQUE INDEX "auth_user_groups_user_id_group_id_94350c0c_uniq" ON "auth_user_groups" ("user_id", "group_id");
CREATE INDEX IF NOT EXISTS "auth_user_groups_user_id_6a12ed8b" ON "auth_user_groups" ("user_id");
CREATE INDEX IF NOT EXISTS "auth_user_groups_group_id_97559544" ON "auth_user_groups" ("group_id");
CREATE UNIQUE INDEX "auth_user_user_permissions_user_id_permission_id_14a6b632_uniq" ON "auth_user_user_permissions" ("user_id", "permission_id");
CREATE INDEX IF NOT EXISTS "auth_user_user_permissions_user_id_a95ead1b" ON "auth_user_user_permissions" ("user_id");
CREATE INDEX IF NOT EXISTS "auth_user_user_permissions_permission_id_1fbb5f2c" ON "auth_user_user_permissions" ("permission_id");
CREATE INDEX IF NOT EXISTS "django_admin_log_content_type_id_c4bce8eb" ON "django_admin_log" ("content_type_id");
CREATE INDEX IF NOT EXISTS "django_admin_log_user_id_c564eba6" ON "django_admin_log" ("user_id");
CREATE UNIQUE INDEX "django_content_type_app_label_model_76bd3d3b_uniq" ON "django_content_type" ("app_label", "model");
CREATE UNIQUE INDEX "auth_permission_content_type_id_codename_01ab375a_uniq" ON "auth_permission" ("content_type_id", "codename");
CREATE INDEX IF NOT EXISTS "auth_permission_content_type_id_2f476e4b" ON "auth_permission" ("content_type_id");
CREATE INDEX IF NOT EXISTS "django_session_expire_date_a5c62663" ON "django_session" ("expire_date");
CREATE UNIQUE INDEX "user_usercutsom_groups_usercutsom_id_group_id_4e7fb806_uniq" ON "user_usercutsom_groups" ("usercutsom_id", "group_id");
CREATE INDEX IF NOT EXISTS "user_usercutsom_groups_usercutsom_id_dce02a38" ON "user_usercutsom_groups" ("usercutsom_id");
CREATE INDEX IF NOT EXISTS "user_usercutsom_groups_group_id_5efdf12e" ON "user_usercutsom_groups" ("group_id");
CREATE UNIQUE INDEX "user_usercutsom_user_permissions_usercutsom_id_permission_id_f91b0926_uniq" ON "user_usercutsom_user_permissions" ("usercutsom_id", "permission_id");
CREATE INDEX IF NOT EXISTS "user_usercutsom_user_permissions_usercutsom_id_2301015a" ON "user_usercutsom_user_permissions" ("usercutsom_id");
CREATE INDEX IF NOT EXISTS "user_usercutsom_user_permissions_permission_id_6111a6df" ON "user_usercutsom_user_permissions" ("permission_id");
CREATE INDEX IF NOT EXISTS "user_question_quiz_id_49c285a7" ON "user_question" ("quiz_id");
CREATE INDEX IF NOT EXISTS "user_answer_question_id_62eab67d" ON "user_answer" ("question_id");
CREATE INDEX IF NOT EXISTS "user_useranswer_chosen_answer_id_45c209ec" ON "user_useranswer" ("chosen_answer_id");
CREATE INDEX IF NOT EXISTS "user_useranswer_question_id_c8476b28" ON "user_useranswer" ("question_id");
CREATE INDEX IF NOT EXISTS "user_useranswer_user_id_c43b8989" ON "user_useranswer" ("user_id");
CREATE INDEX IF NOT EXISTS "otp_totp_totpdevice_user_id_0fb18292" ON "otp_totp_totpdevice" ("user_id");
CREATE INDEX IF NOT EXISTS "user_quiz_course_id_52e3ef7a" ON "user_quiz" ("course_id");
CREATE INDEX IF NOT EXISTS "user_quiz_owner_id_b69445be" ON "user_quiz" ("owner_id");
CREATE INDEX IF NOT EXISTS "user_user_answer_chosen_answer_id_7206f250" ON "user_user_answer" ("chosen_answer_id");
CREATE INDEX IF NOT EXISTS "user_user_answer_question_id_d17e9c42" ON "user_user_answer" ("question_id");
CREATE INDEX IF NOT EXISTS "user_user_answer_user_id_1371d673" ON "user_user_answer" ("user_id");
CREATE INDEX IF NOT EXISTS "django_apscheduler_djangojob_next_run_time_2f022619" ON "django_apscheduler_djangojob" ("next_run_time");
CREATE INDEX IF NOT EXISTS "django_apscheduler_djangojobexecution_run_time_16edd96b" ON "django_apscheduler_djangojobexecution" ("run_time");
CREATE INDEX IF NOT EXISTS "django_apscheduler_djangojobexecution_job_id_daf5090a" ON "django_apscheduler_djangojobexecution" ("job_id");
CREATE TABLE IF NOT EXISTS "django_admin_log" ("id" integer NOT NULL PRIMARY KEY AUTOINCREMENT, "object_id" text NULL, "object_repr" varchar(200) NOT NULL, "action_flag" smallint unsigned NOT NULL CHECK ("action_flag" >= 0), "change_message" text NOT NULL, "content_type_id" integer NULL REFERENCES "django_content_type" ("id") DEFERRABLE INITIALLY DEFERRED, "user_id" integer NOT NULL REFERENCES "auth_user" ("id") DEFERRABLE INITIALLY DEFERRED, "action_time" datetime NOT NULL);
CREATE UNIQUE INDEX "auth_group_permissions_group_id_permission_id_0cd325b0_uniq" ON "auth_group_permissions" ("group_id", "permission_id");
CREATE INDEX IF NOT EXISTS "auth_group_permissions_group_id_b120cbf9" ON "auth_group_permissions" ("group_id");
CREATE INDEX IF NOT EXISTS "auth_group_permissions_permission_id_84c5c92e" ON "auth_group_permissions" ("permission_id");
CREATE UNIQUE INDEX "auth_user_groups_user_id_group_id_94350c0c_uniq" ON "auth_user_groups" ("user_id", "group_id");
CREATE INDEX IF NOT EXISTS "auth_user_groups_user_id_6a12ed8b" ON "auth_user_groups" ("user_id");
CREATE INDEX IF NOT EXISTS "auth_user_groups_group_id_97559544" ON "auth_user_groups" ("group_id");
CREATE UNIQUE INDEX "auth_user_user_permissions_user_id_permission_id_14a6b632_uniq" ON "auth_user_user_permissions" ("user_id", "permission_id");
CREATE INDEX IF NOT EXISTS "auth_user_user_permissions_user_id_a95ead1b" ON "auth_user_user_permissions" ("user_id");
CREATE INDEX IF NOT EXISTS "auth_user_user_permissions_permission_id_1fbb5f2c" ON "auth_user_user_permissions" ("permission_id");
CREATE INDEX IF NOT EXISTS "django_admin_log_content_type_id_c4bce8eb" ON "django_admin_log" ("content_type_id");
CREATE INDEX IF NOT EXISTS "django_admin_log_user_id_c564eba6" ON "django_admin_log" ("user_id");
CREATE UNIQUE INDEX "django_content_type_app_label_model_76bd3d3b_uniq" ON "django_content_type" ("app_label", "model");
CREATE UNIQUE INDEX "auth_permission_content_type_id_codename_01ab375a_uniq" ON "auth_permission" ("content_type_id", "codename");
CREATE INDEX IF NOT EXISTS "auth_permission_content_type_id_2f476e4b" ON "auth_permission" ("content_type_id");
CREATE INDEX IF NOT EXISTS "django_session_expire_date_a5c62663" ON "django_session" ("expire_date");
CREATE UNIQUE INDEX "user_usercutsom_groups_usercutsom_id_group_id_4e7fb806_uniq" ON "user_usercutsom_groups" ("usercutsom_id", "group_id");
CREATE INDEX IF NOT EXISTS "user_usercutsom_groups_usercutsom_id_dce02a38" ON "user_usercutsom_groups" ("usercutsom_id");
CREATE INDEX IF NOT EXISTS "user_usercutsom_groups_group_id_5efdf12e" ON "user_usercutsom_groups" ("group_id");
CREATE UNIQUE INDEX "user_usercutsom_user_permissions_usercutsom_id_permission_id_f91b0926_uniq" ON "user_usercutsom_user_permissions" ("usercutsom_id", "permission_id");
CREATE INDEX IF NOT EXISTS "user_usercutsom_user_permissions_usercutsom_id_2301015a" ON "user_usercutsom_user_permissions" ("usercutsom_id");
CREATE INDEX IF NOT EXISTS "user_usercutsom_user_permissions_permission_id_6111a6df" ON "user_usercutsom_user_permissions" ("permission_id");
CREATE INDEX IF NOT EXISTS "user_question_quiz_id_49c285a7" ON "user_question" ("quiz_id");
CREATE INDEX IF NOT EXISTS "user_answer_question_id_62eab67d" ON "user_answer" ("question_id");
CREATE INDEX IF NOT EXISTS "user_useranswer_chosen_answer_id_45c209ec" ON "user_useranswer" ("chosen_answer_id");
CREATE INDEX IF NOT EXISTS "user_useranswer_question_id_c8476b28" ON "user_useranswer" ("question_id");
CREATE INDEX IF NOT EXISTS "user_useranswer_user_id_c43b8989" ON "user_useranswer" ("user_id");
CREATE INDEX IF NOT EXISTS "otp_totp_totpdevice_user_id_0fb18292" ON "otp_totp_totpdevice" ("user_id");
CREATE INDEX IF NOT EXISTS "user_quiz_course_id_52e3ef7a" ON "user_quiz" ("course_id");
CREATE INDEX IF NOT EXISTS "user_quiz_owner_id_b69445be" ON "user_quiz" ("owner_id");
CREATE INDEX IF NOT EXISTS "user_user_answer_chosen_answer_id_7206f250" ON "user_user_answer" ("chosen_answer_id");
CREATE INDEX IF NOT EXISTS "user_user_answer_question_id_d17e9c42" ON "user_user_answer" ("question_id");
CREATE INDEX IF NOT EXISTS "user_user_answer_user_id_1371d673" ON "user_user_answer" ("user_id");
CREATE INDEX IF NOT EXISTS "django_apscheduler_djangojob_next_run_time_2f022619" ON "django_apscheduler_djangojob" ("next_run_time");
CREATE INDEX IF NOT EXISTS "django_apscheduler_djangojobexecution_run_time_16edd96b" ON "django_apscheduler_djangojobexecution" ("run_time");
CREATE INDEX IF NOT EXISTS "django_apscheduler_djangojobexecution_job_id_daf5090a" ON "django_apscheduler_djangojobexecution" ("job_id");
CREATE TABLE IF NOT EXISTS "django_apscheduler_djangojob" ("id" varchar(255) NOT NULL PRIMARY KEY, "next_run_time" datetime NULL, "job_state" BLOB NOT NULL);
INSERT INTO "django_apscheduler_djangojob" VALUES('weekly_backup','2024-01-22 08:03:25.331798',X'80059505020000000000007D94288C0776657273696F6E944B018C026964948C0D7765656B6C795F6261636B7570948C0466756E63948C22757365722E7363686564756C65722E7363686564756C65723A64625F6261636B7570948C0774726967676572948C1D61707363686564756C65722E74726967676572732E696E74657276616C948C0F496E74657276616C547269676765729493942981947D942868014B028C0874696D657A6F6E65948C086275696C74696E73948C07676574617474729493948C087A6F6E65696E666F948C085A6F6E65496E666F9493948C095F756E7069636B6C6594869452948C0E417369612F53696E6761706F7265944B01869452948C0A73746172745F64617465948C086461746574696D65948C086461746574696D65949394430A07E801160F1B19051016946818869452948C08656E645F64617465944E8C08696E74657276616C94681A8C0974696D6564656C74619493944B004B3C4B00879452948C066A6974746572944E75628C086578656375746F72948C0764656661756C74948C046172677394298C066B7761726773947D948C046E616D65948C0964625F6261636B7570948C126D6973666972655F67726163655F74696D65944B018C08636F616C6573636594888C0D6D61785F696E7374616E636573944B018C0D6E6578745F72756E5F74696D6594681C430A07E8011610031905101694681886945294752E');
INSERT INTO "django_apscheduler_djangojob" VALUES('weekly_backup_database','2024-01-22 08:02:29.147627',X'8005950E020000000000007D94288C0776657273696F6E944B018C026964948C167765656B6C795F6261636B75705F6461746162617365948C0466756E63948C22757365722E7363686564756C65722E7363686564756C65723A64625F6261636B7570948C0774726967676572948C1D61707363686564756C65722E74726967676572732E696E74657276616C948C0F496E74657276616C547269676765729493942981947D942868014B028C0874696D657A6F6E65948C086275696C74696E73948C07676574617474729493948C087A6F6E65696E666F948C085A6F6E65496E666F9493948C095F756E7069636B6C6594869452948C0E417369612F53696E6761706F7265944B01869452948C0A73746172745F64617465948C086461746574696D65948C086461746574696D65949394430A07E801160F211D0240AB946818869452948C08656E645F64617465944E8C08696E74657276616C94681A8C0974696D6564656C74619493944B004B3C4B00879452948C066A6974746572944E75628C086578656375746F72948C0764656661756C74948C046172677394298C066B7761726773947D948C046E616D65948C0964625F6261636B7570948C126D6973666972655F67726163655F74696D65944B018C08636F616C6573636594888C0D6D61785F696E7374616E636573944B018C0D6E6578745F72756E5F74696D6594681C430A07E8011610021D0240AB94681886945294752E');
INSERT INTO "django_apscheduler_djangojob" VALUES('weekly_backup_database2','2024-01-29 07:35:23.495078',X'8005950F020000000000007D94288C0776657273696F6E944B018C026964948C177765656B6C795F6261636B75705F646174616261736532948C0466756E63948C22757365722E7363686564756C65722E7363686564756C65723A64625F6261636B7570948C0774726967676572948C1D61707363686564756C65722E74726967676572732E696E74657276616C948C0F496E74657276616C547269676765729493942981947D942868014B028C0874696D657A6F6E65948C086275696C74696E73948C07676574617474729493948C087A6F6E65696E666F948C085A6F6E65496E666F9493948C095F756E7069636B6C6594869452948C0E417369612F53696E6761706F7265944B01869452948C0A73746172745F64617465948C086461746574696D65948C086461746574696D65949394430A07E8011D0F2317078DE6946818869452948C08656E645F64617465944E8C08696E74657276616C94681A8C0974696D6564656C74619493944B074B004B00879452948C066A6974746572944E75628C086578656375746F72948C0764656661756C74948C046172677394298C066B7761726773947D948C046E616D65948C0964625F6261636B7570948C126D6973666972655F67726163655F74696D65944B018C08636F616C6573636594888C0D6D61785F696E7374616E636573944B018C0D6E6578745F72756E5F74696D6594681C430A07E8011D0F2317078DE694681886945294752E');
CREATE UNIQUE INDEX "auth_group_permissions_group_id_permission_id_0cd325b0_uniq" ON "auth_group_permissions" ("group_id", "permission_id");
CREATE INDEX IF NOT EXISTS "auth_group_permissions_group_id_b120cbf9" ON "auth_group_permissions" ("group_id");
CREATE INDEX IF NOT EXISTS "auth_group_permissions_permission_id_84c5c92e" ON "auth_group_permissions" ("permission_id");
CREATE UNIQUE INDEX "auth_user_groups_user_id_group_id_94350c0c_uniq" ON "auth_user_groups" ("user_id", "group_id");
CREATE INDEX IF NOT EXISTS "auth_user_groups_user_id_6a12ed8b" ON "auth_user_groups" ("user_id");
CREATE INDEX IF NOT EXISTS "auth_user_groups_group_id_97559544" ON "auth_user_groups" ("group_id");
CREATE UNIQUE INDEX "auth_user_user_permissions_user_id_permission_id_14a6b632_uniq" ON "auth_user_user_permissions" ("user_id", "permission_id");
CREATE INDEX IF NOT EXISTS "auth_user_user_permissions_user_id_a95ead1b" ON "auth_user_user_permissions" ("user_id");
CREATE INDEX IF NOT EXISTS "auth_user_user_permissions_permission_id_1fbb5f2c" ON "auth_user_user_permissions" ("permission_id");
CREATE INDEX IF NOT EXISTS "django_admin_log_content_type_id_c4bce8eb" ON "django_admin_log" ("content_type_id");
CREATE INDEX IF NOT EXISTS "django_admin_log_user_id_c564eba6" ON "django_admin_log" ("user_id");
CREATE UNIQUE INDEX "django_content_type_app_label_model_76bd3d3b_uniq" ON "django_content_type" ("app_label", "model");
CREATE UNIQUE INDEX "auth_permission_content_type_id_codename_01ab375a_uniq" ON "auth_permission" ("content_type_id", "codename");
CREATE INDEX IF NOT EXISTS "auth_permission_content_type_id_2f476e4b" ON "auth_permission" ("content_type_id");
CREATE INDEX IF NOT EXISTS "django_session_expire_date_a5c62663" ON "django_session" ("expire_date");
CREATE UNIQUE INDEX "user_usercutsom_groups_usercutsom_id_group_id_4e7fb806_uniq" ON "user_usercutsom_groups" ("usercutsom_id", "group_id");
CREATE INDEX IF NOT EXISTS "user_usercutsom_groups_usercutsom_id_dce02a38" ON "user_usercutsom_groups" ("usercutsom_id");
CREATE INDEX IF NOT EXISTS "user_usercutsom_groups_group_id_5efdf12e" ON "user_usercutsom_groups" ("group_id");
CREATE UNIQUE INDEX "user_usercutsom_user_permissions_usercutsom_id_permission_id_f91b0926_uniq" ON "user_usercutsom_user_permissions" ("usercutsom_id", "permission_id");
CREATE INDEX IF NOT EXISTS "user_usercutsom_user_permissions_usercutsom_id_2301015a" ON "user_usercutsom_user_permissions" ("usercutsom_id");
CREATE INDEX IF NOT EXISTS "user_usercutsom_user_permissions_permission_id_6111a6df" ON "user_usercutsom_user_permissions" ("permission_id");
CREATE INDEX IF NOT EXISTS "user_question_quiz_id_49c285a7" ON "user_question" ("quiz_id");
CREATE INDEX IF NOT EXISTS "user_answer_question_id_62eab67d" ON "user_answer" ("question_id");
CREATE INDEX IF NOT EXISTS "user_useranswer_chosen_answer_id_45c209ec" ON "user_useranswer" ("chosen_answer_id");
CREATE INDEX IF NOT EXISTS "user_useranswer_question_id_c8476b28" ON "user_useranswer" ("question_id");
CREATE INDEX IF NOT EXISTS "user_useranswer_user_id_c43b8989" ON "user_useranswer" ("user_id");
CREATE INDEX IF NOT EXISTS "otp_totp_totpdevice_user_id_0fb18292" ON "otp_totp_totpdevice" ("user_id");
CREATE INDEX IF NOT EXISTS "user_quiz_course_id_52e3ef7a" ON "user_quiz" ("course_id");
CREATE INDEX IF NOT EXISTS "user_quiz_owner_id_b69445be" ON "user_quiz" ("owner_id");
CREATE INDEX IF NOT EXISTS "user_user_answer_chosen_answer_id_7206f250" ON "user_user_answer" ("chosen_answer_id");
CREATE INDEX IF NOT EXISTS "user_user_answer_question_id_d17e9c42" ON "user_user_answer" ("question_id");
CREATE INDEX IF NOT EXISTS "user_user_answer_user_id_1371d673" ON "user_user_answer" ("user_id");
CREATE INDEX IF NOT EXISTS "django_apscheduler_djangojob_next_run_time_2f022619" ON "django_apscheduler_djangojob" ("next_run_time");
CREATE INDEX IF NOT EXISTS "django_apscheduler_djangojobexecution_run_time_16edd96b" ON "django_apscheduler_djangojobexecution" ("run_time");
CREATE INDEX IF NOT EXISTS "django_apscheduler_djangojobexecution_job_id_daf5090a" ON "django_apscheduler_djangojobexecution" ("job_id");
CREATE TABLE IF NOT EXISTS "django_apscheduler_djangojobexecution" ("id" integer NOT NULL PRIMARY KEY AUTOINCREMENT, "status" varchar(50) NOT NULL, "run_time" datetime NOT NULL, "duration" decimal NULL, "finished" decimal NULL, "exception" varchar(1000) NULL, "traceback" text NULL, "job_id" varchar(255) NOT NULL REFERENCES "django_apscheduler_djangojob" ("id") DEFERRABLE INITIALLY DEFERRED, CONSTRAINT "unique_job_executions" UNIQUE ("job_id", "run_time"));
INSERT INTO "django_apscheduler_djangojobexecution" VALUES(1,'Missed!','2024-01-22 07:32:25.331798',3.85,1705908749.18,'Run time of job ''weekly_backup'' was missed!',NULL,'weekly_backup');
INSERT INTO "django_apscheduler_djangojobexecution" VALUES(2,'Executed','2024-01-22 07:33:25.331798',0.08,1705908805.42,NULL,NULL,'weekly_backup');
INSERT INTO "django_apscheduler_djangojobexecution" VALUES(3,'Executed','2024-01-22 07:33:29.147627',0.09,1705908809.23,NULL,NULL,'weekly_backup_database');
INSERT INTO "django_apscheduler_djangojobexecution" VALUES(4,'Executed','2024-01-22 07:34:25.331798',0.09,1705908865.42,NULL,NULL,'weekly_backup');
INSERT INTO "django_apscheduler_djangojobexecution" VALUES(5,'Executed','2024-01-22 07:34:29.147627',0.12,1705908869.27,NULL,NULL,'weekly_backup_database');
INSERT INTO "django_apscheduler_djangojobexecution" VALUES(6,'Executed','2024-01-22 07:35:25.331798',0.07,1705908925.4,NULL,NULL,'weekly_backup');
INSERT INTO "django_apscheduler_djangojobexecution" VALUES(7,'Executed','2024-01-22 07:35:29.147627',0.07,1705908929.22,NULL,NULL,'weekly_backup_database');
INSERT INTO "django_apscheduler_djangojobexecution" VALUES(8,'Executed','2024-01-22 07:36:25.331798',0.12,1705908985.45,NULL,NULL,'weekly_backup');
INSERT INTO "django_apscheduler_djangojobexecution" VALUES(9,'Executed','2024-01-22 07:36:29.147627',0.1,1705908989.25,NULL,NULL,'weekly_backup_database');
INSERT INTO "django_apscheduler_djangojobexecution" VALUES(10,'Executed','2024-01-22 07:37:25.331798',0.09,1705909045.42,NULL,NULL,'weekly_backup');
INSERT INTO "django_apscheduler_djangojobexecution" VALUES(11,'Executed','2024-01-22 07:37:29.147627',0.09,1705909049.23,NULL,NULL,'weekly_backup_database');
INSERT INTO "django_apscheduler_djangojobexecution" VALUES(12,'Executed','2024-01-22 07:38:25.331798',0.1,1705909105.43,NULL,NULL,'weekly_backup');
INSERT INTO "django_apscheduler_djangojobexecution" VALUES(13,'Executed','2024-01-22 07:38:29.147627',0.11,1705909109.26,NULL,NULL,'weekly_backup_database');
INSERT INTO "django_apscheduler_djangojobexecution" VALUES(14,'Executed','2024-01-22 07:39:25.331798',0.12,1705909165.45,NULL,NULL,'weekly_backup');
INSERT INTO "django_apscheduler_djangojobexecution" VALUES(15,'Executed','2024-01-22 07:39:29.147627',0.12,1705909169.26,NULL,NULL,'weekly_backup_database');
INSERT INTO "django_apscheduler_djangojobexecution" VALUES(16,'Executed','2024-01-22 07:40:25.331798',0.1,1705909225.43,NULL,NULL,'weekly_backup');
INSERT INTO "django_apscheduler_djangojobexecution" VALUES(17,'Executed','2024-01-22 07:40:29.147627',0.12,1705909229.27,NULL,NULL,'weekly_backup_database');
INSERT INTO "django_apscheduler_djangojobexecution" VALUES(18,'Executed','2024-01-22 07:41:25.331798',0.07,1705909285.4,NULL,NULL,'weekly_backup');
INSERT INTO "django_apscheduler_djangojobexecution" VALUES(19,'Executed','2024-01-22 07:41:29.147627',0.1,1705909289.24,NULL,NULL,'weekly_backup_database');
INSERT INTO "django_apscheduler_djangojobexecution" VALUES(20,'Executed','2024-01-22 07:42:25.331798',0.11,1705909345.45,NULL,NULL,'weekly_backup');
INSERT INTO "django_apscheduler_djangojobexecution" VALUES(21,'Executed','2024-01-22 07:42:29.147627',0.12,1705909349.27,NULL,NULL,'weekly_backup_database');
INSERT INTO "django_apscheduler_djangojobexecution" VALUES(22,'Executed','2024-01-22 07:43:25.331798',0.1,1705909405.44,NULL,NULL,'weekly_backup');
INSERT INTO "django_apscheduler_djangojobexecution" VALUES(23,'Executed','2024-01-22 07:43:29.147627',0.1,1705909409.24,NULL,NULL,'weekly_backup_database');
INSERT INTO "django_apscheduler_djangojobexecution" VALUES(24,'Executed','2024-01-22 07:44:25.331798',0.09,1705909465.43,NULL,NULL,'weekly_backup');
INSERT INTO "django_apscheduler_djangojobexecution" VALUES(25,'Executed','2024-01-22 07:44:29.147627',0.1,1705909469.24,NULL,NULL,'weekly_backup_database');
INSERT INTO "django_apscheduler_djangojobexecution" VALUES(26,'Executed','2024-01-22 07:45:25.331798',0.09,1705909525.42,NULL,NULL,'weekly_backup');
INSERT INTO "django_apscheduler_djangojobexecution" VALUES(27,'Executed','2024-01-22 07:45:29.147627',0.11,1705909529.26,NULL,NULL,'weekly_backup_database');
INSERT INTO "django_apscheduler_djangojobexecution" VALUES(28,'Executed','2024-01-22 07:46:25.331798',0.14,1705909585.47,NULL,NULL,'weekly_backup');
INSERT INTO "django_apscheduler_djangojobexecution" VALUES(29,'Executed','2024-01-22 07:46:29.147627',0.1,1705909589.25,NULL,NULL,'weekly_backup_database');
INSERT INTO "django_apscheduler_djangojobexecution" VALUES(30,'Executed','2024-01-22 07:47:25.331798',0.12,1705909645.45,NULL,NULL,'weekly_backup');
INSERT INTO "django_apscheduler_djangojobexecution" VALUES(31,'Executed','2024-01-22 07:47:29.147627',0.08,1705909649.23,NULL,NULL,'weekly_backup_database');
INSERT INTO "django_apscheduler_djangojobexecution" VALUES(32,'Executed','2024-01-22 07:48:25.331798',0.1,1705909705.43,NULL,NULL,'weekly_backup');
INSERT INTO "django_apscheduler_djangojobexecution" VALUES(33,'Executed','2024-01-22 07:48:29.147627',0.11,1705909709.26,NULL,NULL,'weekly_backup_database');
INSERT INTO "django_apscheduler_djangojobexecution" VALUES(34,'Executed','2024-01-22 07:49:25.331798',0.08,1705909765.41,NULL,NULL,'weekly_backup');
INSERT INTO "django_apscheduler_djangojobexecution" VALUES(35,'Executed','2024-01-22 07:49:29.147627',0.11,1705909769.25,NULL,NULL,'weekly_backup_database');
INSERT INTO "django_apscheduler_djangojobexecution" VALUES(36,'Executed','2024-01-22 07:50:25.331798',0.11,1705909825.44,NULL,NULL,'weekly_backup');
INSERT INTO "django_apscheduler_djangojobexecution" VALUES(37,'Executed','2024-01-22 07:50:29.147627',0.11,1705909829.26,NULL,NULL,'weekly_backup_database');
INSERT INTO "django_apscheduler_djangojobexecution" VALUES(38,'Executed','2024-01-22 07:51:25.331798',0.11,1705909885.44,NULL,NULL,'weekly_backup');
INSERT INTO "django_apscheduler_djangojobexecution" VALUES(39,'Executed','2024-01-22 07:51:29.147627',0.11,1705909889.26,NULL,NULL,'weekly_backup_database');
INSERT INTO "django_apscheduler_djangojobexecution" VALUES(40,'Executed','2024-01-22 07:52:25.331798',0.1,1705909945.43,NULL,NULL,'weekly_backup');
INSERT INTO "django_apscheduler_djangojobexecution" VALUES(41,'Executed','2024-01-22 07:52:29.147627',0.09,1705909949.24,NULL,NULL,'weekly_backup_database');
INSERT INTO "django_apscheduler_djangojobexecution" VALUES(42,'Executed','2024-01-22 07:53:25.331798',0.12,1705910005.45,NULL,NULL,'weekly_backup');
INSERT INTO "django_apscheduler_djangojobexecution" VALUES(43,'Executed','2024-01-22 07:53:29.147627',0.08,1705910009.23,NULL,NULL,'weekly_backup_database');
INSERT INTO "django_apscheduler_djangojobexecution" VALUES(44,'Executed','2024-01-22 07:54:25.331798',0.08,1705910065.41,NULL,NULL,'weekly_backup');
INSERT INTO "django_apscheduler_djangojobexecution" VALUES(45,'Executed','2024-01-22 07:54:29.147627',0.11,1705910069.26,NULL,NULL,'weekly_backup_database');
INSERT INTO "django_apscheduler_djangojobexecution" VALUES(46,'Executed','2024-01-22 07:55:25.331798',0.1,1705910125.43,NULL,NULL,'weekly_backup');
INSERT INTO "django_apscheduler_djangojobexecution" VALUES(47,'Executed','2024-01-22 07:55:29.147627',0.11,1705910129.26,NULL,NULL,'weekly_backup_database');
INSERT INTO "django_apscheduler_djangojobexecution" VALUES(48,'Executed','2024-01-22 07:56:25.331798',0.09,1705910185.43,NULL,NULL,'weekly_backup');
INSERT INTO "django_apscheduler_djangojobexecution" VALUES(49,'Executed','2024-01-22 07:56:29.147627',0.09,1705910189.24,NULL,NULL,'weekly_backup_database');
INSERT INTO "django_apscheduler_djangojobexecution" VALUES(50,'Executed','2024-01-22 07:57:25.331798',0.13,1705910245.46,NULL,NULL,'weekly_backup');
INSERT INTO "django_apscheduler_djangojobexecution" VALUES(51,'Executed','2024-01-22 07:57:29.147627',0.15,1705910249.3,NULL,NULL,'weekly_backup_database');
INSERT INTO "django_apscheduler_djangojobexecution" VALUES(52,'Executed','2024-01-22 07:58:25.331798',0.12,1705910305.45,NULL,NULL,'weekly_backup');
INSERT INTO "django_apscheduler_djangojobexecution" VALUES(53,'Executed','2024-01-22 07:58:29.147627',0.11,1705910309.25,NULL,NULL,'weekly_backup_database');
INSERT INTO "django_apscheduler_djangojobexecution" VALUES(54,'Executed','2024-01-22 07:59:25.331798',0.11,1705910365.44,NULL,NULL,'weekly_backup');
INSERT INTO "django_apscheduler_djangojobexecution" VALUES(55,'Executed','2024-01-22 07:59:29.147627',0.1,1705910369.25,NULL,NULL,'weekly_backup_database');
INSERT INTO "django_apscheduler_djangojobexecution" VALUES(56,'Executed','2024-01-22 08:00:25.331798',0.08,1705910425.41,NULL,NULL,'weekly_backup');
INSERT INTO "django_apscheduler_djangojobexecution" VALUES(57,'Executed','2024-01-22 08:00:29.147627',0.09,1705910429.24,NULL,NULL,'weekly_backup_database');
INSERT INTO "django_apscheduler_djangojobexecution" VALUES(58,'Executed','2024-01-22 08:01:25.331798',0.11,1705910485.44,NULL,NULL,'weekly_backup');
INSERT INTO "django_apscheduler_djangojobexecution" VALUES(59,'Executed','2024-01-22 08:01:29.147627',0.07,1705910489.22,NULL,NULL,'weekly_backup_database');
INSERT INTO "django_apscheduler_djangojobexecution" VALUES(60,'Started execution','2024-01-22 08:02:25.331798',NULL,NULL,NULL,NULL,'weekly_backup');
CREATE UNIQUE INDEX "auth_group_permissions_group_id_permission_id_0cd325b0_uniq" ON "auth_group_permissions" ("group_id", "permission_id");
CREATE INDEX IF NOT EXISTS "auth_group_permissions_group_id_b120cbf9" ON "auth_group_permissions" ("group_id");
CREATE INDEX IF NOT EXISTS "auth_group_permissions_permission_id_84c5c92e" ON "auth_group_permissions" ("permission_id");
CREATE UNIQUE INDEX "auth_user_groups_user_id_group_id_94350c0c_uniq" ON "auth_user_groups" ("user_id", "group_id");
CREATE INDEX IF NOT EXISTS "auth_user_groups_user_id_6a12ed8b" ON "auth_user_groups" ("user_id");
CREATE INDEX IF NOT EXISTS "auth_user_groups_group_id_97559544" ON "auth_user_groups" ("group_id");
CREATE UNIQUE INDEX "auth_user_user_permissions_user_id_permission_id_14a6b632_uniq" ON "auth_user_user_permissions" ("user_id", "permission_id");
CREATE INDEX IF NOT EXISTS "auth_user_user_permissions_user_id_a95ead1b" ON "auth_user_user_permissions" ("user_id");
CREATE INDEX IF NOT EXISTS "auth_user_user_permissions_permission_id_1fbb5f2c" ON "auth_user_user_permissions" ("permission_id");
CREATE INDEX IF NOT EXISTS "django_admin_log_content_type_id_c4bce8eb" ON "django_admin_log" ("content_type_id");
CREATE INDEX IF NOT EXISTS "django_admin_log_user_id_c564eba6" ON "django_admin_log" ("user_id");
CREATE UNIQUE INDEX "django_content_type_app_label_model_76bd3d3b_uniq" ON "django_content_type" ("app_label", "model");
CREATE UNIQUE INDEX "auth_permission_content_type_id_codename_01ab375a_uniq" ON "auth_permission" ("content_type_id", "codename");
CREATE INDEX IF NOT EXISTS "auth_permission_content_type_id_2f476e4b" ON "auth_permission" ("content_type_id");
CREATE INDEX IF NOT EXISTS "django_session_expire_date_a5c62663" ON "django_session" ("expire_date");
CREATE UNIQUE INDEX "user_usercutsom_groups_usercutsom_id_group_id_4e7fb806_uniq" ON "user_usercutsom_groups" ("usercutsom_id", "group_id");
CREATE INDEX IF NOT EXISTS "user_usercutsom_groups_usercutsom_id_dce02a38" ON "user_usercutsom_groups" ("usercutsom_id");
CREATE INDEX IF NOT EXISTS "user_usercutsom_groups_group_id_5efdf12e" ON "user_usercutsom_groups" ("group_id");
CREATE UNIQUE INDEX "user_usercutsom_user_permissions_usercutsom_id_permission_id_f91b0926_uniq" ON "user_usercutsom_user_permissions" ("usercutsom_id", "permission_id");
CREATE INDEX IF NOT EXISTS "user_usercutsom_user_permissions_usercutsom_id_2301015a" ON "user_usercutsom_user_permissions" ("usercutsom_id");
CREATE INDEX IF NOT EXISTS "user_usercutsom_user_permissions_permission_id_6111a6df" ON "user_usercutsom_user_permissions" ("permission_id");
CREATE INDEX IF NOT EXISTS "user_question_quiz_id_49c285a7" ON "user_question" ("quiz_id");
CREATE INDEX IF NOT EXISTS "user_answer_question_id_62eab67d" ON "user_answer" ("question_id");
CREATE INDEX IF NOT EXISTS "user_useranswer_chosen_answer_id_45c209ec" ON "user_useranswer" ("chosen_answer_id");
CREATE INDEX IF NOT EXISTS "user_useranswer_question_id_c8476b28" ON "user_useranswer" ("question_id");
CREATE INDEX IF NOT EXISTS "user_useranswer_user_id_c43b8989" ON "user_useranswer" ("user_id");
CREATE INDEX IF NOT EXISTS "otp_totp_totpdevice_user_id_0fb18292" ON "otp_totp_totpdevice" ("user_id");
CREATE INDEX IF NOT EXISTS "user_quiz_course_id_52e3ef7a" ON "user_quiz" ("course_id");
CREATE INDEX IF NOT EXISTS "user_quiz_owner_id_b69445be" ON "user_quiz" ("owner_id");
CREATE INDEX IF NOT EXISTS "user_user_answer_chosen_answer_id_7206f250" ON "user_user_answer" ("chosen_answer_id");
CREATE INDEX IF NOT EXISTS "user_user_answer_question_id_d17e9c42" ON "user_user_answer" ("question_id");
CREATE INDEX IF NOT EXISTS "user_user_answer_user_id_1371d673" ON "user_user_answer" ("user_id");
CREATE INDEX IF NOT EXISTS "django_apscheduler_djangojob_next_run_time_2f022619" ON "django_apscheduler_djangojob" ("next_run_time");
CREATE INDEX IF NOT EXISTS "django_apscheduler_djangojobexecution_run_time_16edd96b" ON "django_apscheduler_djangojobexecution" ("run_time");
CREATE INDEX IF NOT EXISTS "django_apscheduler_djangojobexecution_job_id_daf5090a" ON "django_apscheduler_djangojobexecution" ("job_id");
CREATE TABLE IF NOT EXISTS "django_content_type" ("id" integer NOT NULL PRIMARY KEY AUTOINCREMENT, "app_label" varchar(100) NOT NULL, "model" varchar(100) NOT NULL);
INSERT INTO "django_content_type" VALUES(1,'admin','logentry');
INSERT INTO "django_content_type" VALUES(2,'auth','permission');
INSERT INTO "django_content_type" VALUES(3,'auth','group');
INSERT INTO "django_content_type" VALUES(4,'auth','user');
INSERT INTO "django_content_type" VALUES(5,'contenttypes','contenttype');
INSERT INTO "django_content_type" VALUES(6,'sessions','session');
INSERT INTO "django_content_type" VALUES(7,'user','usercutsom');
INSERT INTO "django_content_type" VALUES(8,'user','learner');
INSERT INTO "django_content_type" VALUES(9,'user','instructor');
INSERT INTO "django_content_type" VALUES(10,'user','profile');
INSERT INTO "django_content_type" VALUES(11,'user','course');
INSERT INTO "django_content_type" VALUES(12,'user','quiz');
INSERT INTO "django_content_type" VALUES(13,'user','question');
INSERT INTO "django_content_type" VALUES(14,'user','answer');
INSERT INTO "django_content_type" VALUES(15,'user','useranswer');
INSERT INTO "django_content_type" VALUES(16,'user','user_answer');
INSERT INTO "django_content_type" VALUES(17,'user','quizattempt');
INSERT INTO "django_content_type" VALUES(18,'otp_totp','totpdevice');
INSERT INTO "django_content_type" VALUES(19,'defender','accessattempt');
INSERT INTO "django_content_type" VALUES(20,'django_apscheduler','djangojob');
INSERT INTO "django_content_type" VALUES(21,'django_apscheduler','djangojobexecution');
CREATE UNIQUE INDEX "auth_group_permissions_group_id_permission_id_0cd325b0_uniq" ON "auth_group_permissions" ("group_id", "permission_id");
CREATE INDEX IF NOT EXISTS "auth_group_permissions_group_id_b120cbf9" ON "auth_group_permissions" ("group_id");
CREATE INDEX IF NOT EXISTS "auth_group_permissions_permission_id_84c5c92e" ON "auth_group_permissions" ("permission_id");
CREATE UNIQUE INDEX "auth_user_groups_user_id_group_id_94350c0c_uniq" ON "auth_user_groups" ("user_id", "group_id");
CREATE INDEX IF NOT EXISTS "auth_user_groups_user_id_6a12ed8b" ON "auth_user_groups" ("user_id");
CREATE INDEX IF NOT EXISTS "auth_user_groups_group_id_97559544" ON "auth_user_groups" ("group_id");
CREATE UNIQUE INDEX "auth_user_user_permissions_user_id_permission_id_14a6b632_uniq" ON "auth_user_user_permissions" ("user_id", "permission_id");
CREATE INDEX IF NOT EXISTS "auth_user_user_permissions_user_id_a95ead1b" ON "auth_user_user_permissions" ("user_id");
CREATE INDEX IF NOT EXISTS "auth_user_user_permissions_permission_id_1fbb5f2c" ON "auth_user_user_permissions" ("permission_id");
CREATE INDEX IF NOT EXISTS "django_admin_log_content_type_id_c4bce8eb" ON "django_admin_log" ("content_type_id");
CREATE INDEX IF NOT EXISTS "django_admin_log_user_id_c564eba6" ON "django_admin_log" ("user_id");
CREATE UNIQUE INDEX "django_content_type_app_label_model_76bd3d3b_uniq" ON "django_content_type" ("app_label", "model");
CREATE UNIQUE INDEX "auth_permission_content_type_id_codename_01ab375a_uniq" ON "auth_permission" ("content_type_id", "codename");
CREATE INDEX IF NOT EXISTS "auth_permission_content_type_id_2f476e4b" ON "auth_permission" ("content_type_id");
CREATE INDEX IF NOT EXISTS "django_session_expire_date_a5c62663" ON "django_session" ("expire_date");
CREATE UNIQUE INDEX "user_usercutsom_groups_usercutsom_id_group_id_4e7fb806_uniq" ON "user_usercutsom_groups" ("usercutsom_id", "group_id");
CREATE INDEX IF NOT EXISTS "user_usercutsom_groups_usercutsom_id_dce02a38" ON "user_usercutsom_groups" ("usercutsom_id");
CREATE INDEX IF NOT EXISTS "user_usercutsom_groups_group_id_5efdf12e" ON "user_usercutsom_groups" ("group_id");
CREATE UNIQUE INDEX "user_usercutsom_user_permissions_usercutsom_id_permission_id_f91b0926_uniq" ON "user_usercutsom_user_permissions" ("usercutsom_id", "permission_id");
CREATE INDEX IF NOT EXISTS "user_usercutsom_user_permissions_usercutsom_id_2301015a" ON "user_usercutsom_user_permissions" ("usercutsom_id");
CREATE INDEX IF NOT EXISTS "user_usercutsom_user_permissions_permission_id_6111a6df" ON "user_usercutsom_user_permissions" ("permission_id");
CREATE INDEX IF NOT EXISTS "user_question_quiz_id_49c285a7" ON "user_question" ("quiz_id");
CREATE INDEX IF NOT EXISTS "user_answer_question_id_62eab67d" ON "user_answer" ("question_id");
CREATE INDEX IF NOT EXISTS "user_useranswer_chosen_answer_id_45c209ec" ON "user_useranswer" ("chosen_answer_id");
CREATE INDEX IF NOT EXISTS "user_useranswer_question_id_c8476b28" ON "user_useranswer" ("question_id");
CREATE INDEX IF NOT EXISTS "user_useranswer_user_id_c43b8989" ON "user_useranswer" ("user_id");
CREATE INDEX IF NOT EXISTS "otp_totp_totpdevice_user_id_0fb18292" ON "otp_totp_totpdevice" ("user_id");
CREATE INDEX IF NOT EXISTS "user_quiz_course_id_52e3ef7a" ON "user_quiz" ("course_id");
CREATE INDEX IF NOT EXISTS "user_quiz_owner_id_b69445be" ON "user_quiz" ("owner_id");
CREATE INDEX IF NOT EXISTS "user_user_answer_chosen_answer_id_7206f250" ON "user_user_answer" ("chosen_answer_id");
CREATE INDEX IF NOT EXISTS "user_user_answer_question_id_d17e9c42" ON "user_user_answer" ("question_id");
CREATE INDEX IF NOT EXISTS "user_user_answer_user_id_1371d673" ON "user_user_answer" ("user_id");
CREATE INDEX IF NOT EXISTS "django_apscheduler_djangojob_next_run_time_2f022619" ON "django_apscheduler_djangojob" ("next_run_time");
CREATE INDEX IF NOT EXISTS "django_apscheduler_djangojobexecution_run_time_16edd96b" ON "django_apscheduler_djangojobexecution" ("run_time");
CREATE INDEX IF NOT EXISTS "django_apscheduler_djangojobexecution_job_id_daf5090a" ON "django_apscheduler_djangojobexecution" ("job_id");
CREATE TABLE IF NOT EXISTS "django_migrations" ("id" integer NOT NULL PRIMARY KEY AUTOINCREMENT, "app" varchar(255) NOT NULL, "name" varchar(255) NOT NULL, "applied" datetime NOT NULL);
INSERT INTO "django_migrations" VALUES(1,'contenttypes','0001_initial','2024-01-13 11:10:05.409946');
INSERT INTO "django_migrations" VALUES(2,'auth','0001_initial','2024-01-13 11:10:05.445767');
INSERT INTO "django_migrations" VALUES(3,'admin','0001_initial','2024-01-13 11:10:05.476207');
INSERT INTO "django_migrations" VALUES(4,'admin','0002_logentry_remove_auto_add','2024-01-13 11:10:05.500937');
INSERT INTO "django_migrations" VALUES(5,'admin','0003_logentry_add_action_flag_choices','2024-01-13 11:10:05.520408');
INSERT INTO "django_migrations" VALUES(6,'contenttypes','0002_remove_content_type_name','2024-01-13 11:10:05.551460');
INSERT INTO "django_migrations" VALUES(7,'auth','0002_alter_permission_name_max_length','2024-01-13 11:10:05.572471');
INSERT INTO "django_migrations" VALUES(8,'auth','0003_alter_user_email_max_length','2024-01-13 11:10:05.596047');
INSERT INTO "django_migrations" VALUES(9,'auth','0004_alter_user_username_opts','2024-01-13 11:10:05.618355');
INSERT INTO "django_migrations" VALUES(10,'auth','0005_alter_user_last_login_null','2024-01-13 11:10:05.645564');
INSERT INTO "django_migrations" VALUES(11,'auth','0006_require_contenttypes_0002','2024-01-13 11:10:05.654572');
INSERT INTO "django_migrations" VALUES(12,'auth','0007_alter_validators_add_error_messages','2024-01-13 11:10:05.676598');
INSERT INTO "django_migrations" VALUES(13,'auth','0008_alter_user_username_max_length','2024-01-13 11:10:05.701943');
INSERT INTO "django_migrations" VALUES(14,'auth','0009_alter_user_last_name_max_length','2024-01-13 11:10:05.728419');
INSERT INTO "django_migrations" VALUES(15,'auth','0010_alter_group_name_max_length','2024-01-13 11:10:05.749136');
INSERT INTO "django_migrations" VALUES(16,'auth','0011_update_proxy_permissions','2024-01-13 11:10:05.769153');
INSERT INTO "django_migrations" VALUES(17,'auth','0012_alter_user_first_name_max_length','2024-01-13 11:10:05.789154');
INSERT INTO "django_migrations" VALUES(18,'sessions','0001_initial','2024-01-13 11:10:05.816743');
INSERT INTO "django_migrations" VALUES(19,'user','0001_initial','2024-01-13 11:10:05.851325');
INSERT INTO "django_migrations" VALUES(20,'user','0002_learner','2024-01-13 11:47:33.689880');
INSERT INTO "django_migrations" VALUES(21,'user','0003_rename_is_admin_usercutsom_is_lectuer','2024-01-15 04:40:55.336486');
INSERT INTO "django_migrations" VALUES(22,'user','0004_instructor','2024-01-15 06:07:40.349954');
INSERT INTO "django_migrations" VALUES(23,'user','0005_profile','2024-01-15 19:43:15.205915');
INSERT INTO "django_migrations" VALUES(24,'user','0006_course','2024-01-16 18:37:33.089867');
INSERT INTO "django_migrations" VALUES(25,'user','0007_quiz','2024-01-16 19:11:24.328483');
INSERT INTO "django_migrations" VALUES(26,'user','0008_question','2024-01-16 20:20:21.852846');
INSERT INTO "django_migrations" VALUES(27,'user','0009_answer','2024-01-16 20:36:50.294148');
INSERT INTO "django_migrations" VALUES(28,'user','0010_useranswer','2024-01-18 19:54:38.754886');
INSERT INTO "django_migrations" VALUES(29,'user','0011_useranswer_marks','2024-01-18 19:58:23.747516');
INSERT INTO "django_migrations" VALUES(30,'user','0010_user_answer','2024-01-19 08:07:52.842067');
INSERT INTO "django_migrations" VALUES(31,'user','0011_remove_user_answer_attempt_timestamp_and_more','2024-01-19 08:12:38.934791');
INSERT INTO "django_migrations" VALUES(32,'user','0012_remove_user_answer_attempt_number_and_more','2024-01-19 08:25:08.008050');
INSERT INTO "django_migrations" VALUES(33,'user','0013_user_answer_attempt_number','2024-01-19 08:30:02.948902');
INSERT INTO "django_migrations" VALUES(34,'user','0014_remove_user_answer_attempt_number_quizattempt_and_more','2024-01-19 08:49:39.460218');
INSERT INTO "django_migrations" VALUES(35,'user','0015_remove_user_answer_quiz_attempt_delete_quizattempt','2024-01-19 09:13:18.662921');
INSERT INTO "django_migrations" VALUES(36,'user','0016_usercutsom_email_verified','2024-01-19 18:42:20.915332');
INSERT INTO "django_migrations" VALUES(37,'otp_totp','0001_initial','2024-01-20 20:12:45.538510');
INSERT INTO "django_migrations" VALUES(38,'otp_totp','0002_auto_20190420_0723','2024-01-20 20:12:45.574447');
INSERT INTO "django_migrations" VALUES(39,'user','0017_usercutsom_otp_created_at_usercutsom_otp_secret','2024-01-20 20:50:31.329977');
INSERT INTO "django_migrations" VALUES(40,'defender','0001_initial','2024-01-21 22:00:50.122313');
INSERT INTO "django_migrations" VALUES(41,'user','0018_alter_profile_user_alter_quiz_owner_and_more','2024-01-21 22:17:35.727266');
INSERT INTO "django_migrations" VALUES(42,'django_apscheduler','0001_initial','2024-01-21 23:41:17.721938');
INSERT INTO "django_migrations" VALUES(43,'django_apscheduler','0002_auto_20180412_0758','2024-01-21 23:41:17.741550');
INSERT INTO "django_migrations" VALUES(44,'django_apscheduler','0003_auto_20200716_1632','2024-01-21 23:41:17.776053');
INSERT INTO "django_migrations" VALUES(45,'django_apscheduler','0004_auto_20200717_1043','2024-01-21 23:41:17.805208');
INSERT INTO "django_migrations" VALUES(46,'django_apscheduler','0005_migrate_name_to_id','2024-01-21 23:41:17.837681');
INSERT INTO "django_migrations" VALUES(47,'django_apscheduler','0006_remove_djangojob_name','2024-01-21 23:41:17.858689');
INSERT INTO "django_migrations" VALUES(48,'django_apscheduler','0007_auto_20200717_1404','2024-01-21 23:41:17.883041');
INSERT INTO "django_migrations" VALUES(49,'django_apscheduler','0008_remove_djangojobexecution_started','2024-01-21 23:41:17.901005');
INSERT INTO "django_migrations" VALUES(50,'django_apscheduler','0009_djangojobexecution_unique_job_executions','2024-01-21 23:41:17.925523');
CREATE UNIQUE INDEX "auth_group_permissions_group_id_permission_id_0cd325b0_uniq" ON "auth_group_permissions" ("group_id", "permission_id");
CREATE INDEX IF NOT EXISTS "auth_group_permissions_group_id_b120cbf9" ON "auth_group_permissions" ("group_id");
CREATE INDEX IF NOT EXISTS "auth_group_permissions_permission_id_84c5c92e" ON "auth_group_permissions" ("permission_id");
CREATE UNIQUE INDEX "auth_user_groups_user_id_group_id_94350c0c_uniq" ON "auth_user_groups" ("user_id", "group_id");
CREATE INDEX IF NOT EXISTS "auth_user_groups_user_id_6a12ed8b" ON "auth_user_groups" ("user_id");
CREATE INDEX IF NOT EXISTS "auth_user_groups_group_id_97559544" ON "auth_user_groups" ("group_id");
CREATE UNIQUE INDEX "auth_user_user_permissions_user_id_permission_id_14a6b632_uniq" ON "auth_user_user_permissions" ("user_id", "permission_id");
CREATE INDEX IF NOT EXISTS "auth_user_user_permissions_user_id_a95ead1b" ON "auth_user_user_permissions" ("user_id");
CREATE INDEX IF NOT EXISTS "auth_user_user_permissions_permission_id_1fbb5f2c" ON "auth_user_user_permissions" ("permission_id");
CREATE INDEX IF NOT EXISTS "django_admin_log_content_type_id_c4bce8eb" ON "django_admin_log" ("content_type_id");
CREATE INDEX IF NOT EXISTS "django_admin_log_user_id_c564eba6" ON "django_admin_log" ("user_id");
CREATE UNIQUE INDEX "django_content_type_app_label_model_76bd3d3b_uniq" ON "django_content_type" ("app_label", "model");
CREATE UNIQUE INDEX "auth_permission_content_type_id_codename_01ab375a_uniq" ON "auth_permission" ("content_type_id", "codename");
CREATE INDEX IF NOT EXISTS "auth_permission_content_type_id_2f476e4b" ON "auth_permission" ("content_type_id");
CREATE INDEX IF NOT EXISTS "django_session_expire_date_a5c62663" ON "django_session" ("expire_date");
CREATE UNIQUE INDEX "user_usercutsom_groups_usercutsom_id_group_id_4e7fb806_uniq" ON "user_usercutsom_groups" ("usercutsom_id", "group_id");
CREATE INDEX IF NOT EXISTS "user_usercutsom_groups_usercutsom_id_dce02a38" ON "user_usercutsom_groups" ("usercutsom_id");
CREATE INDEX IF NOT EXISTS "user_usercutsom_groups_group_id_5efdf12e" ON "user_usercutsom_groups" ("group_id");
CREATE UNIQUE INDEX "user_usercutsom_user_permissions_usercutsom_id_permission_id_f91b0926_uniq" ON "user_usercutsom_user_permissions" ("usercutsom_id", "permission_id");
CREATE INDEX IF NOT EXISTS "user_usercutsom_user_permissions_usercutsom_id_2301015a" ON "user_usercutsom_user_permissions" ("usercutsom_id");
CREATE INDEX IF NOT EXISTS "user_usercutsom_user_permissions_permission_id_6111a6df" ON "user_usercutsom_user_permissions" ("permission_id");
CREATE INDEX IF NOT EXISTS "user_question_quiz_id_49c285a7" ON "user_question" ("quiz_id");
CREATE INDEX IF NOT EXISTS "user_answer_question_id_62eab67d" ON "user_answer" ("question_id");
CREATE INDEX IF NOT EXISTS "user_useranswer_chosen_answer_id_45c209ec" ON "user_useranswer" ("chosen_answer_id");
CREATE INDEX IF NOT EXISTS "user_useranswer_question_id_c8476b28" ON "user_useranswer" ("question_id");
CREATE INDEX IF NOT EXISTS "user_useranswer_user_id_c43b8989" ON "user_useranswer" ("user_id");
CREATE INDEX IF NOT EXISTS "otp_totp_totpdevice_user_id_0fb18292" ON "otp_totp_totpdevice" ("user_id");
CREATE INDEX IF NOT EXISTS "user_quiz_course_id_52e3ef7a" ON "user_quiz" ("course_id");
CREATE INDEX IF NOT EXISTS "user_quiz_owner_id_b69445be" ON "user_quiz" ("owner_id");
CREATE INDEX IF NOT EXISTS "user_user_answer_chosen_answer_id_7206f250" ON "user_user_answer" ("chosen_answer_id");
CREATE INDEX IF NOT EXISTS "user_user_answer_question_id_d17e9c42" ON "user_user_answer" ("question_id");
CREATE INDEX IF NOT EXISTS "user_user_answer_user_id_1371d673" ON "user_user_answer" ("user_id");
CREATE INDEX IF NOT EXISTS "django_apscheduler_djangojob_next_run_time_2f022619" ON "django_apscheduler_djangojob" ("next_run_time");
CREATE INDEX IF NOT EXISTS "django_apscheduler_djangojobexecution_run_time_16edd96b" ON "django_apscheduler_djangojobexecution" ("run_time");
CREATE INDEX IF NOT EXISTS "django_apscheduler_djangojobexecution_job_id_daf5090a" ON "django_apscheduler_djangojobexecution" ("job_id");
CREATE TABLE IF NOT EXISTS "django_session" ("session_key" varchar(40) NOT NULL PRIMARY KEY, "session_data" text NOT NULL, "expire_date" datetime NOT NULL);
INSERT INTO "django_session" VALUES('icpcdxs2g8lheajzm1x4eh0zaqzkwhde','e30:1rOcUn:8JPZlsOCSnRM7Qkzc7_nHb9nGRYRzPZ_hEWOLUOkeOU','2024-01-27 11:48:13.962133');
INSERT INTO "django_session" VALUES('yv1tftbr9z6ced2yuy5zg9k5hpmk0gad','e30:1rOdta:Pb88yfZZYOxGC9t7KnQ3-zcSusaVLOmlj4vphuCqO-Q','2024-01-27 13:17:54.419234');
INSERT INTO "django_session" VALUES('m54adzlqqftwc2aty7au5ai32yvt56xy','.eJxVjEEOwiAQAP_C2RCWglCP3n1Ds7sstmogKe3J-HdD0oNeZybzVhPu2zztTdZpSeqigjr9MkJ-SukiPbDcq-ZatnUh3RN92KZvNcnrerR_gxnb3LcS8gDgIAIZsdYYpgw4oifHMSSJA4N4z8EMjqwdLQTIThKJOTMG9fkC1vs3uw:1rPEpV:1qOsOuBll1F0M5z87eIfO1V5Ax5mKSHqF_278sYaYNA','2024-01-29 04:44:09.483733');
INSERT INTO "django_session" VALUES('t3i0jqek9bwxemb6p0a9upek4gjktu0s','.eJxVikEOAiEMRe_C2kw64LTg0jkI6UAbjFETGVbGuwuJC81fvf_ey0Rue4mtyjNesjmZxRx-v43TVe5DDJyGmNZW98ft_DV_eeFaekt5VmdhS-BENegiAUWR0VMGJZk5ePCdjuSy5NCnhJgsKFr2ZN4fyCExhQ:1rPFEH:4Jru_9tLaH3q6es086mx2Uh0yG8QfdtMUU6DJ_XF6BQ','2024-01-29 05:09:45.626349');
INSERT INTO "django_session" VALUES('i9y2rc9bsldi7abriqawzhp22369c857','.eJxVjMsOwiAQAP-FsyEFeXr07jeQXXaRqqFJaU_GfzckPeh1ZjJvkWDfato7r2kmcRFBnH4ZQn5yG4Ie0O6LzEvb1hnlSORhu7wtxK_r0f4NKvQ6tso7QNZQdLHeGh8ig1UUlcJSomNWjoIP2haHU2CeztFQQQaMJrMWny_vDziG:1rPHu2:SfpE0WvFb39m1gSEIIrliPgIP_C4QA0skh-r2NvZQKo','2024-01-29 08:01:02.103886');
INSERT INTO "django_session" VALUES('dv0kdbdixu6cstyv0smtoe8rjberr60i','.eJxVjM0OwiAQhN-FsyGUWn48evcZyMLuStVAUtqT8d2lSQ-aOc18M_MWAbY1h63REmYUFzGJ028WIT2p7AAfUO5VplrWZY5yr8iDNnmrSK_r0f07yNByX1sceNQqJjUSs-eJvCE2YJxFxZYG8E657s52RELfxdaYpBUbDc6Kzxf6YDg3:1rPJkT:Oz0d8HHauJDccexYGFZ2vxPQJL_MlK_4-rZLx9uTQKg','2024-01-29 09:59:17.027464');
INSERT INTO "django_session" VALUES('ynrurkqwz9w5bzazip8w7kq3vgtqprwh','.eJxVjDsOwjAQBe_iGlmObWKbkj5nsN5m1ziAEimfCnF3iJQC2jcz76UytrXmbZE5D6wuqrHq9DsS-oeMO-E7xtuk-2lc54H0ruiDLrqbWJ7Xw_07qFjqtzYBpZwNeZ8I0QU4kVaisySISXyCwCSyhqQBCsfAAQyW4qWU1qj3BzFYOeM:1rPRGM:a2hhGQzXqbcZMCGnimdItpXsPt2pdh7rLEEVHg9t6-A','2024-01-29 18:00:42.046681');
INSERT INTO "django_session" VALUES('1tmc85ijs42129a4a2nliai4f01siwao','.eJxVjEEOwiAQRe_C2hBgoIBL9z0DGZhRqoYmpV0Z765NutDtf-_9l0i4rTVtnZc0kTgLbcXpd8xYHtx2Qndst1mWua3LlOWuyIN2Oc7Ez8vh_h1U7PVb52gNBMDoo0dnmKBA4OyN0wGy9YYLaQeDip6ZlCHwKhdlBrSaryWK9wfuJzem:1rPUC6:-OTlkPdSMI2HJiPOau2CpXtfGvRYlypag7i89cHwf84','2024-01-29 21:08:30.642749');
INSERT INTO "django_session" VALUES('vwpaf9p5n79o9ug0xkzi6r3qsktvm334','.eJxVjEEOwiAQRe_C2hBgoIBL9z0DGZhRqoYmpV0Z765NutDtf-_9l0i4rTVtnZc0kTgLbcXpd8xYHtx2Qndst1mWua3LlOWuyIN2Oc7Ez8vh_h1U7PVb52gNBMDoo0dnmKBA4OyN0wGy9YYLaQeDip6ZlCHwKhdlBrSaryWK9wfuJzem:1rPoQn:d-QjKQkvik5gL402uyhiDTR87nGPwOg1TwLM-W_ANF0','2024-01-30 18:45:01.059329');
INSERT INTO "django_session" VALUES('cx5sugm7p6gpic1a4cqz10275ngtr6lc','e30:1rQCS2:HE8SSaROAcJ9bpR1OqEPtXFSiKDexyXQZeXeQqP6Q-E','2024-01-31 20:23:54.039598');
INSERT INTO "django_session" VALUES('1zs3vzlvzz6r81vkzy6edhuci6vdh9vo','e30:1rQCTd:rM6W5_WZjvI2Jeh54szZ0FhoEPcXDnpNt0FL2cfoTqk','2024-01-31 20:25:33.809452');
INSERT INTO "django_session" VALUES('9fs7e3t3dp413h1jzyn6yflqabs6grhn','e30:1rQCVw:UJGfem68BXdjYydKpjUhcw2ZxS3Aw6BWMbAxgVnd7NY','2024-01-31 20:27:56.534123');
INSERT INTO "django_session" VALUES('ehytc0mtd4xah7rv184hmp8ky3m9bcd8','e30:1rQCmC:wL91VhuD2m2jzjtbYsUQ-pMNJDrw0oJEVKHVob2iO80','2024-01-31 20:44:44.390231');
INSERT INTO "django_session" VALUES('sagncu1jejsbo1ccrgepq2fbd91vcmyb','e30:1rQCp0:_33P_ZQlsghIYWJtG3u7K17wVBET7FH7qErOdkrczzk','2024-01-31 20:47:38.680191');
INSERT INTO "django_session" VALUES('5zzptoob9ocjur4buoc7f1xdbq5f8owm','e30:1rQDBn:CbSfXcEZv2yFEVVwO3lBJzpq4NBYl2PUpZphtOjFLfA','2024-01-31 21:11:11.148028');
INSERT INTO "django_session" VALUES('25llccpb9shtfk2hyt3y66f8jcftu6pk','e30:1rQs8w:vCwgcJxgxMJb98AE-UGyqV9docMJ2grNVSqvSdzYb1g','2024-02-02 16:54:58.002260');
INSERT INTO "django_session" VALUES('yc98w9jl5kofx9eq0jpqo67zi4cues7m','e30:1rQvWH:gqPSvcwpawNu1YoKMpB1za5oFWdeeramzZbwLVLNCv4','2024-02-02 20:31:17.679526');
INSERT INTO "django_session" VALUES('ym15nop14fs1zvegg5mq104uym6b8k9y','e30:1rRHkQ:zHhL1IOw5yE0EHJK9V-209EOtd6PXfrIwYN6xU3Vqvk','2024-02-03 20:15:22.386761');
INSERT INTO "django_session" VALUES('zktx996b564mwoc7s8ra3jsp24arssbn','e30:1rRHmO:87uolSnLMSNPxP2QU84koVb3GKIsEZ18n4i8m_aKkwY','2024-02-03 20:17:24.565833');
INSERT INTO "django_session" VALUES('mujyz188rj3mtihpeqnenl9l90pk3l38','e30:1rRHnj:-MAewyDsz38xbZ3EjITB3Z38TuU0Jv1bxG7OoJSE7o4','2024-02-03 20:18:47.696038');
INSERT INTO "django_session" VALUES('o1o6fi2k8ufz9wqhoo7y06u239qx158d','e30:1rRHoa:9O4MopaK5LW2eO6FBywvy__AdBFQiJoo4vzdwxHqR6Y','2024-02-03 20:19:40.835218');
INSERT INTO "django_session" VALUES('yq0xgevz4k1ft0469vrxzll75hsrpexm','e30:1rRHpi:N81qJv0Ywnb9y2vV_7zukhWEu9qitTgonfwWt_W4WGs','2024-02-03 20:20:50.238564');
INSERT INTO "django_session" VALUES('hlaz5t7dqrpshas6az16qafei4581g44','e30:1rRIE4:_f3A0Bd3uxQ5UkE23Rdm1XrwLRAuRylv5pLmqCX9Vrs','2024-02-03 20:46:00.225456');
INSERT INTO "django_session" VALUES('txod1ykt7srqbmp55yj3lon9kl1w115j','e30:1rRIEj:jfrChhZeDqlfMk3Zeu18Qko1gZsq-CJrv-pSs2s4PIA','2024-02-03 20:46:41.917374');
INSERT INTO "django_session" VALUES('3fzpp0nujnuexuo0jg25xn84st3hc8la','e30:1rRIJl:aVtQbv9-B79fWiR-iujJpsC9JgkaSg7Wd7Fhs-8XI6U','2024-02-03 20:51:53.917738');
INSERT INTO "django_session" VALUES('yc01dpu0eapntl7cjvg621e7dx55hzlk','e30:1rRIMR:trljtuXtkQxWCJSZEaJDURURwSa9pmP1evxSGabcCSo','2024-02-03 20:54:39.048977');
INSERT INTO "django_session" VALUES('vl8xdvah7jkvaccj8nnt9rih5kl05qc0','.eJxVjEEOgjAQRe_StWmk7QyMS_ecoZlOp4IaSCisjHdXEha6_e-9_zKRt3WIW9UljtlcjGvN6XdMLA-ddpLvPN1mK_O0LmOyu2IPWm0_Z31eD_fvYOA6fGsOxUsrHLqiBEEcAAZfUkbPgpiAyFFpGs8lE7WSFJySMhJwdwY07w8c_Thb:1rRINZ:tN-aKOKs5tlzMciflPEHmJsRQ6R27zTiaQE1eNImbQ4','2024-02-03 20:55:49.828329');
INSERT INTO "django_session" VALUES('m09173debg5jsnrrphvnhq67nkx71f63','.eJxVjEEOgjAQRe_StWmk7QyMS_ecoZlOp4IaSCisjHdXEha6_e-9_zKRt3WIW9UljtlcjGvN6XdMLA-ddpLvPN1mK_O0LmOyu2IPWm0_Z31eD_fvYOA6fGsOxUsrHLqiBEEcAAZfUkbPgpiAyFFpGs8lE7WSFJySMhJwdwY07w8c_Thb:1rRINc:wza1erNRaDpPYkI7wzIg6mNEfVcSV-ZOat8NYNYGd44','2024-02-03 20:55:52.389248');
INSERT INTO "django_session" VALUES('dz77nfwoh4210ip7brq5f1yrrw46xhgi','.eJxVjEEOgjAQRe_StWmk7QyMS_ecoZlOp4IaSCisjHdXEha6_e-9_zKRt3WIW9UljtlcjGvN6XdMLA-ddpLvPN1mK_O0LmOyu2IPWm0_Z31eD_fvYOA6fGsOxUsrHLqiBEEcAAZfUkbPgpiAyFFpGs8lE7WSFJySMhJwdwY07w8c_Thb:1rRINe:UM1cjzI49pjVvEsBp0xVZE9bd7d61drayUAWZBH6fFc','2024-02-03 20:55:54.564962');
INSERT INTO "django_session" VALUES('rw58vzbtgd9i3yh0enbska33zvd4n1uh','.eJxVjEEOgjAQRe_StWmk7QyMS_ecoZlOp4IaSCisjHdXEha6_e-9_zKRt3WIW9UljtlcjGvN6XdMLA-ddpLvPN1mK_O0LmOyu2IPWm0_Z31eD_fvYOA6fGsOxUsrHLqiBEEcAAZfUkbPgpiAyFFpGs8lE7WSFJySMhJwdwY07w8c_Thb:1rRINe:UM1cjzI49pjVvEsBp0xVZE9bd7d61drayUAWZBH6fFc','2024-02-03 20:55:54.928415');
INSERT INTO "django_session" VALUES('85igslj6asum334y55bowe92ikfhucir','.eJxVjEEOgjAQRe_StWmk7QyMS_ecoZlOp4IaSCisjHdXEha6_e-9_zKRt3WIW9UljtlcjGvN6XdMLA-ddpLvPN1mK_O0LmOyu2IPWm0_Z31eD_fvYOA6fGsOxUsrHLqiBEEcAAZfUkbPgpiAyFFpGs8lE7WSFJySMhJwdwY07w8c_Thb:1rRINg:taTYTPhrr07j3Ycdtw0iA0pCFXPdvNIgTWBr4_Euzts','2024-02-03 20:55:56.486603');
INSERT INTO "django_session" VALUES('3s8v0s26l60jbfyt4zbnal1qi536p5de','.eJxVjEEOgjAQRe_StWmk7QyMS_ecoZlOp4IaSCisjHdXEha6_e-9_zKRt3WIW9UljtlcjGvN6XdMLA-ddpLvPN1mK_O0LmOyu2IPWm0_Z31eD_fvYOA6fGsOxUsrHLqiBEEcAAZfUkbPgpiAyFFpGs8lE7WSFJySMhJwdwY07w8c_Thb:1rRINg:taTYTPhrr07j3Ycdtw0iA0pCFXPdvNIgTWBr4_Euzts','2024-02-03 20:55:56.770638');
INSERT INTO "django_session" VALUES('3s2xvw0aj13r0q9m1f8mdpqu3xpk0bd0','.eJxVjEEOgjAQRe_StWmk7QyMS_ecoZlOp4IaSCisjHdXEha6_e-9_zKRt3WIW9UljtlcjGvN6XdMLA-ddpLvPN1mK_O0LmOyu2IPWm0_Z31eD_fvYOA6fGsOxUsrHLqiBEEcAAZfUkbPgpiAyFFpGs8lE7WSFJySMhJwdwY07w8c_Thb:1rRINh:MNeiC6tMFNA_pzhv2HhZR9kZQdrY42g3DOhjrAycG2Q','2024-02-03 20:55:57.242457');
INSERT INTO "django_session" VALUES('73kqcciv816rk3715pwlpnmxf0ngy0ha','.eJxVjEEOgjAQRe_StWmk7QyMS_ecoZlOp4IaSCisjHdXEha6_e-9_zKRt3WIW9UljtlcjGvN6XdMLA-ddpLvPN1mK_O0LmOyu2IPWm0_Z31eD_fvYOA6fGsOxUsrHLqiBEEcAAZfUkbPgpiAyFFpGs8lE7WSFJySMhJwdwY07w8c_Thb:1rRINi:uNdMc5MfD_j2XSDDcT62BxQmfHcyMS8qK-0eHPvL_9k','2024-02-03 20:55:58.929656');
INSERT INTO "django_session" VALUES('8ypii6oua78zdbvwtwf6fxm8kod8e90u','.eJxVjEEOgjAQRe_StWmk7QyMS_ecoZlOp4IaSCisjHdXEha6_e-9_zKRt3WIW9UljtlcjGvN6XdMLA-ddpLvPN1mK_O0LmOyu2IPWm0_Z31eD_fvYOA6fGsOxUsrHLqiBEEcAAZfUkbPgpiAyFFpGs8lE7WSFJySMhJwdwY07w8c_Thb:1rRINj:P6pQRSAXymV6YEIKmKMpAfqzKDK909xYBN4eFGh9kg4','2024-02-03 20:55:59.386088');
INSERT INTO "django_session" VALUES('t3riyvyo4k23gw4whrls5qqj9o3r818e','e30:1rRIUh:yHJ4aW9UBZ8eiFCk1sOwlk3d8UmHLgud1oeVs6GOPnM','2024-02-03 21:03:11.567747');
CREATE UNIQUE INDEX "auth_group_permissions_group_id_permission_id_0cd325b0_uniq" ON "auth_group_permissions" ("group_id", "permission_id");
CREATE INDEX IF NOT EXISTS "auth_group_permissions_group_id_b120cbf9" ON "auth_group_permissions" ("group_id");
CREATE INDEX IF NOT EXISTS "auth_group_permissions_permission_id_84c5c92e" ON "auth_group_permissions" ("permission_id");
CREATE UNIQUE INDEX "auth_user_groups_user_id_group_id_94350c0c_uniq" ON "auth_user_groups" ("user_id", "group_id");
CREATE INDEX IF NOT EXISTS "auth_user_groups_user_id_6a12ed8b" ON "auth_user_groups" ("user_id");
CREATE INDEX IF NOT EXISTS "auth_user_groups_group_id_97559544" ON "auth_user_groups" ("group_id");
CREATE UNIQUE INDEX "auth_user_user_permissions_user_id_permission_id_14a6b632_uniq" ON "auth_user_user_permissions" ("user_id", "permission_id");
CREATE INDEX IF NOT EXISTS "auth_user_user_permissions_user_id_a95ead1b" ON "auth_user_user_permissions" ("user_id");
CREATE INDEX IF NOT EXISTS "auth_user_user_permissions_permission_id_1fbb5f2c" ON "auth_user_user_permissions" ("permission_id");
CREATE INDEX IF NOT EXISTS "django_admin_log_content_type_id_c4bce8eb" ON "django_admin_log" ("content_type_id");
CREATE INDEX IF NOT EXISTS "django_admin_log_user_id_c564eba6" ON "django_admin_log" ("user_id");
CREATE UNIQUE INDEX "django_content_type_app_label_model_76bd3d3b_uniq" ON "django_content_type" ("app_label", "model");
CREATE UNIQUE INDEX "auth_permission_content_type_id_codename_01ab375a_uniq" ON "auth_permission" ("content_type_id", "codename");
CREATE INDEX IF NOT EXISTS "auth_permission_content_type_id_2f476e4b" ON "auth_permission" ("content_type_id");
CREATE INDEX IF NOT EXISTS "django_session_expire_date_a5c62663" ON "django_session" ("expire_date");
CREATE UNIQUE INDEX "user_usercutsom_groups_usercutsom_id_group_id_4e7fb806_uniq" ON "user_usercutsom_groups" ("usercutsom_id", "group_id");
CREATE INDEX IF NOT EXISTS "user_usercutsom_groups_usercutsom_id_dce02a38" ON "user_usercutsom_groups" ("usercutsom_id");
CREATE INDEX IF NOT EXISTS "user_usercutsom_groups_group_id_5efdf12e" ON "user_usercutsom_groups" ("group_id");
CREATE UNIQUE INDEX "user_usercutsom_user_permissions_usercutsom_id_permission_id_f91b0926_uniq" ON "user_usercutsom_user_permissions" ("usercutsom_id", "permission_id");
CREATE INDEX IF NOT EXISTS "user_usercutsom_user_permissions_usercutsom_id_2301015a" ON "user_usercutsom_user_permissions" ("usercutsom_id");
CREATE INDEX IF NOT EXISTS "user_usercutsom_user_permissions_permission_id_6111a6df" ON "user_usercutsom_user_permissions" ("permission_id");
CREATE INDEX IF NOT EXISTS "user_question_quiz_id_49c285a7" ON "user_question" ("quiz_id");
CREATE INDEX IF NOT EXISTS "user_answer_question_id_62eab67d" ON "user_answer" ("question_id");
CREATE INDEX IF NOT EXISTS "user_useranswer_chosen_answer_id_45c209ec" ON "user_useranswer" ("chosen_answer_id");
CREATE INDEX IF NOT EXISTS "user_useranswer_question_id_c8476b28" ON "user_useranswer" ("question_id");
CREATE INDEX IF NOT EXISTS "user_useranswer_user_id_c43b8989" ON "user_useranswer" ("user_id");
CREATE INDEX IF NOT EXISTS "otp_totp_totpdevice_user_id_0fb18292" ON "otp_totp_totpdevice" ("user_id");
CREATE INDEX IF NOT EXISTS "user_quiz_course_id_52e3ef7a" ON "user_quiz" ("course_id");
CREATE INDEX IF NOT EXISTS "user_quiz_owner_id_b69445be" ON "user_quiz" ("owner_id");
CREATE INDEX IF NOT EXISTS "user_user_answer_chosen_answer_id_7206f250" ON "user_user_answer" ("chosen_answer_id");
CREATE INDEX IF NOT EXISTS "user_user_answer_question_id_d17e9c42" ON "user_user_answer" ("question_id");
CREATE INDEX IF NOT EXISTS "user_user_answer_user_id_1371d673" ON "user_user_answer" ("user_id");
CREATE INDEX IF NOT EXISTS "django_apscheduler_djangojob_next_run_time_2f022619" ON "django_apscheduler_djangojob" ("next_run_time");
CREATE INDEX IF NOT EXISTS "django_apscheduler_djangojobexecution_run_time_16edd96b" ON "django_apscheduler_djangojobexecution" ("run_time");
CREATE INDEX IF NOT EXISTS "django_apscheduler_djangojobexecution_job_id_daf5090a" ON "django_apscheduler_djangojobexecution" ("job_id");
CREATE TABLE IF NOT EXISTS "otp_totp_totpdevice" ("id" integer NOT NULL PRIMARY KEY AUTOINCREMENT, "name" varchar(64) NOT NULL, "confirmed" bool NOT NULL, "key" varchar(80) NOT NULL, "step" smallint unsigned NOT NULL CHECK ("step" >= 0), "t0" bigint NOT NULL, "digits" smallint unsigned NOT NULL CHECK ("digits" >= 0), "tolerance" smallint unsigned NOT NULL CHECK ("tolerance" >= 0), "drift" smallint NOT NULL, "last_t" bigint NOT NULL, "user_id" bigint NOT NULL REFERENCES "user_usercutsom" ("id") DEFERRABLE INITIALLY DEFERRED, "throttling_failure_count" integer unsigned NOT NULL CHECK ("throttling_failure_count" >= 0), "throttling_failure_timestamp" datetime NULL);
INSERT INTO "otp_totp_totpdevice" VALUES(1,'',1,'712519f5b6bc2eb43c0282c29946fecf07d4dc39',30,0,6,1,0,-1,27,0,NULL);
CREATE UNIQUE INDEX "auth_group_permissions_group_id_permission_id_0cd325b0_uniq" ON "auth_group_permissions" ("group_id", "permission_id");
CREATE INDEX IF NOT EXISTS "auth_group_permissions_group_id_b120cbf9" ON "auth_group_permissions" ("group_id");
CREATE INDEX IF NOT EXISTS "auth_group_permissions_permission_id_84c5c92e" ON "auth_group_permissions" ("permission_id");
CREATE UNIQUE INDEX "auth_user_groups_user_id_group_id_94350c0c_uniq" ON "auth_user_groups" ("user_id", "group_id");
CREATE INDEX IF NOT EXISTS "auth_user_groups_user_id_6a12ed8b" ON "auth_user_groups" ("user_id");
CREATE INDEX IF NOT EXISTS "auth_user_groups_group_id_97559544" ON "auth_user_groups" ("group_id");
CREATE UNIQUE INDEX "auth_user_user_permissions_user_id_permission_id_14a6b632_uniq" ON "auth_user_user_permissions" ("user_id", "permission_id");
CREATE INDEX IF NOT EXISTS "auth_user_user_permissions_user_id_a95ead1b" ON "auth_user_user_permissions" ("user_id");
CREATE INDEX IF NOT EXISTS "auth_user_user_permissions_permission_id_1fbb5f2c" ON "auth_user_user_permissions" ("permission_id");
CREATE INDEX IF NOT EXISTS "django_admin_log_content_type_id_c4bce8eb" ON "django_admin_log" ("content_type_id");
CREATE INDEX IF NOT EXISTS "django_admin_log_user_id_c564eba6" ON "django_admin_log" ("user_id");
CREATE UNIQUE INDEX "django_content_type_app_label_model_76bd3d3b_uniq" ON "django_content_type" ("app_label", "model");
CREATE UNIQUE INDEX "auth_permission_content_type_id_codename_01ab375a_uniq" ON "auth_permission" ("content_type_id", "codename");
CREATE INDEX IF NOT EXISTS "auth_permission_content_type_id_2f476e4b" ON "auth_permission" ("content_type_id");
CREATE INDEX IF NOT EXISTS "django_session_expire_date_a5c62663" ON "django_session" ("expire_date");
CREATE UNIQUE INDEX "user_usercutsom_groups_usercutsom_id_group_id_4e7fb806_uniq" ON "user_usercutsom_groups" ("usercutsom_id", "group_id");
CREATE INDEX IF NOT EXISTS "user_usercutsom_groups_usercutsom_id_dce02a38" ON "user_usercutsom_groups" ("usercutsom_id");
CREATE INDEX IF NOT EXISTS "user_usercutsom_groups_group_id_5efdf12e" ON "user_usercutsom_groups" ("group_id");
CREATE UNIQUE INDEX "user_usercutsom_user_permissions_usercutsom_id_permission_id_f91b0926_uniq" ON "user_usercutsom_user_permissions" ("usercutsom_id", "permission_id");
CREATE INDEX IF NOT EXISTS "user_usercutsom_user_permissions_usercutsom_id_2301015a" ON "user_usercutsom_user_permissions" ("usercutsom_id");
CREATE INDEX IF NOT EXISTS "user_usercutsom_user_permissions_permission_id_6111a6df" ON "user_usercutsom_user_permissions" ("permission_id");
CREATE INDEX IF NOT EXISTS "user_question_quiz_id_49c285a7" ON "user_question" ("quiz_id");
CREATE INDEX IF NOT EXISTS "user_answer_question_id_62eab67d" ON "user_answer" ("question_id");
CREATE INDEX IF NOT EXISTS "user_useranswer_chosen_answer_id_45c209ec" ON "user_useranswer" ("chosen_answer_id");
CREATE INDEX IF NOT EXISTS "user_useranswer_question_id_c8476b28" ON "user_useranswer" ("question_id");
CREATE INDEX IF NOT EXISTS "user_useranswer_user_id_c43b8989" ON "user_useranswer" ("user_id");
CREATE INDEX IF NOT EXISTS "otp_totp_totpdevice_user_id_0fb18292" ON "otp_totp_totpdevice" ("user_id");
CREATE INDEX IF NOT EXISTS "user_quiz_course_id_52e3ef7a" ON "user_quiz" ("course_id");
CREATE INDEX IF NOT EXISTS "user_quiz_owner_id_b69445be" ON "user_quiz" ("owner_id");
CREATE INDEX IF NOT EXISTS "user_user_answer_chosen_answer_id_7206f250" ON "user_user_answer" ("chosen_answer_id");
CREATE INDEX IF NOT EXISTS "user_user_answer_question_id_d17e9c42" ON "user_user_answer" ("question_id");
CREATE INDEX IF NOT EXISTS "user_user_answer_user_id_1371d673" ON "user_user_answer" ("user_id");
CREATE INDEX IF NOT EXISTS "django_apscheduler_djangojob_next_run_time_2f022619" ON "django_apscheduler_djangojob" ("next_run_time");
CREATE INDEX IF NOT EXISTS "django_apscheduler_djangojobexecution_run_time_16edd96b" ON "django_apscheduler_djangojobexecution" ("run_time");
CREATE INDEX IF NOT EXISTS "django_apscheduler_djangojobexecution_job_id_daf5090a" ON "django_apscheduler_djangojobexecution" ("job_id");
CREATE TABLE IF NOT EXISTS "user_answer" ("id" integer NOT NULL PRIMARY KEY AUTOINCREMENT, "text" varchar(255) NOT NULL, "is_correct" bool NOT NULL, "question_id" bigint NOT NULL REFERENCES "user_question" ("id") DEFERRABLE INITIALLY DEFERRED);
INSERT INTO "user_answer" VALUES(29,'-sA',1,8);
INSERT INTO "user_answer" VALUES(30,'-sX',0,8);
INSERT INTO "user_answer" VALUES(31,'-sT',0,8);
INSERT INTO "user_answer" VALUES(32,'-sF',0,8);
INSERT INTO "user_answer" VALUES(33,'Reconnaissance',0,9);
INSERT INTO "user_answer" VALUES(34,'Weaponization',1,9);
INSERT INTO "user_answer" VALUES(35,'Command and control',0,9);
INSERT INTO "user_answer" VALUES(36,'Exploitation',0,9);
INSERT INTO "user_answer" VALUES(37,'Database assessment',0,10);
INSERT INTO "user_answer" VALUES(38,'Host-based assessment',1,10);
INSERT INTO "user_answer" VALUES(39,'Credentialed assessment',0,10);
INSERT INTO "user_answer" VALUES(40,'Distributed assessment',0,10);
CREATE UNIQUE INDEX "auth_group_permissions_group_id_permission_id_0cd325b0_uniq" ON "auth_group_permissions" ("group_id", "permission_id");
CREATE INDEX IF NOT EXISTS "auth_group_permissions_group_id_b120cbf9" ON "auth_group_permissions" ("group_id");
CREATE INDEX IF NOT EXISTS "auth_group_permissions_permission_id_84c5c92e" ON "auth_group_permissions" ("permission_id");
CREATE UNIQUE INDEX "auth_user_groups_user_id_group_id_94350c0c_uniq" ON "auth_user_groups" ("user_id", "group_id");
CREATE INDEX IF NOT EXISTS "auth_user_groups_user_id_6a12ed8b" ON "auth_user_groups" ("user_id");
CREATE INDEX IF NOT EXISTS "auth_user_groups_group_id_97559544" ON "auth_user_groups" ("group_id");
CREATE UNIQUE INDEX "auth_user_user_permissions_user_id_permission_id_14a6b632_uniq" ON "auth_user_user_permissions" ("user_id", "permission_id");
CREATE INDEX IF NOT EXISTS "auth_user_user_permissions_user_id_a95ead1b" ON "auth_user_user_permissions" ("user_id");
CREATE INDEX IF NOT EXISTS "auth_user_user_permissions_permission_id_1fbb5f2c" ON "auth_user_user_permissions" ("permission_id");
CREATE INDEX IF NOT EXISTS "django_admin_log_content_type_id_c4bce8eb" ON "django_admin_log" ("content_type_id");
CREATE INDEX IF NOT EXISTS "django_admin_log_user_id_c564eba6" ON "django_admin_log" ("user_id");
CREATE UNIQUE INDEX "django_content_type_app_label_model_76bd3d3b_uniq" ON "django_content_type" ("app_label", "model");
CREATE UNIQUE INDEX "auth_permission_content_type_id_codename_01ab375a_uniq" ON "auth_permission" ("content_type_id", "codename");
CREATE INDEX IF NOT EXISTS "auth_permission_content_type_id_2f476e4b" ON "auth_permission" ("content_type_id");
CREATE INDEX IF NOT EXISTS "django_session_expire_date_a5c62663" ON "django_session" ("expire_date");
CREATE UNIQUE INDEX "user_usercutsom_groups_usercutsom_id_group_id_4e7fb806_uniq" ON "user_usercutsom_groups" ("usercutsom_id", "group_id");
CREATE INDEX IF NOT EXISTS "user_usercutsom_groups_usercutsom_id_dce02a38" ON "user_usercutsom_groups" ("usercutsom_id");
CREATE INDEX IF NOT EXISTS "user_usercutsom_groups_group_id_5efdf12e" ON "user_usercutsom_groups" ("group_id");
CREATE UNIQUE INDEX "user_usercutsom_user_permissions_usercutsom_id_permission_id_f91b0926_uniq" ON "user_usercutsom_user_permissions" ("usercutsom_id", "permission_id");
CREATE INDEX IF NOT EXISTS "user_usercutsom_user_permissions_usercutsom_id_2301015a" ON "user_usercutsom_user_permissions" ("usercutsom_id");
CREATE INDEX IF NOT EXISTS "user_usercutsom_user_permissions_permission_id_6111a6df" ON "user_usercutsom_user_permissions" ("permission_id");
CREATE INDEX IF NOT EXISTS "user_question_quiz_id_49c285a7" ON "user_question" ("quiz_id");
CREATE INDEX IF NOT EXISTS "user_answer_question_id_62eab67d" ON "user_answer" ("question_id");
CREATE INDEX IF NOT EXISTS "user_useranswer_chosen_answer_id_45c209ec" ON "user_useranswer" ("chosen_answer_id");
CREATE INDEX IF NOT EXISTS "user_useranswer_question_id_c8476b28" ON "user_useranswer" ("question_id");
CREATE INDEX IF NOT EXISTS "user_useranswer_user_id_c43b8989" ON "user_useranswer" ("user_id");
CREATE INDEX IF NOT EXISTS "otp_totp_totpdevice_user_id_0fb18292" ON "otp_totp_totpdevice" ("user_id");
CREATE INDEX IF NOT EXISTS "user_quiz_course_id_52e3ef7a" ON "user_quiz" ("course_id");
CREATE INDEX IF NOT EXISTS "user_quiz_owner_id_b69445be" ON "user_quiz" ("owner_id");
CREATE INDEX IF NOT EXISTS "user_user_answer_chosen_answer_id_7206f250" ON "user_user_answer" ("chosen_answer_id");
CREATE INDEX IF NOT EXISTS "user_user_answer_question_id_d17e9c42" ON "user_user_answer" ("question_id");
CREATE INDEX IF NOT EXISTS "user_user_answer_user_id_1371d673" ON "user_user_answer" ("user_id");
CREATE INDEX IF NOT EXISTS "django_apscheduler_djangojob_next_run_time_2f022619" ON "django_apscheduler_djangojob" ("next_run_time");
CREATE INDEX IF NOT EXISTS "django_apscheduler_djangojobexecution_run_time_16edd96b" ON "django_apscheduler_djangojobexecution" ("run_time");
CREATE INDEX IF NOT EXISTS "django_apscheduler_djangojobexecution_job_id_daf5090a" ON "django_apscheduler_djangojobexecution" ("job_id");
CREATE TABLE IF NOT EXISTS "user_course" ("id" integer NOT NULL PRIMARY KEY AUTOINCREMENT, "name" varchar(30) NOT NULL, "color" varchar(7) NOT NULL);
INSERT INTO "user_course" VALUES(1,'CEH','007bff');
INSERT INTO "user_course" VALUES(2,'CEH Pratical','ff007b');
CREATE UNIQUE INDEX "auth_group_permissions_group_id_permission_id_0cd325b0_uniq" ON "auth_group_permissions" ("group_id", "permission_id");
CREATE INDEX IF NOT EXISTS "auth_group_permissions_group_id_b120cbf9" ON "auth_group_permissions" ("group_id");
CREATE INDEX IF NOT EXISTS "auth_group_permissions_permission_id_84c5c92e" ON "auth_group_permissions" ("permission_id");
CREATE UNIQUE INDEX "auth_user_groups_user_id_group_id_94350c0c_uniq" ON "auth_user_groups" ("user_id", "group_id");
CREATE INDEX IF NOT EXISTS "auth_user_groups_user_id_6a12ed8b" ON "auth_user_groups" ("user_id");
CREATE INDEX IF NOT EXISTS "auth_user_groups_group_id_97559544" ON "auth_user_groups" ("group_id");
CREATE UNIQUE INDEX "auth_user_user_permissions_user_id_permission_id_14a6b632_uniq" ON "auth_user_user_permissions" ("user_id", "permission_id");
CREATE INDEX IF NOT EXISTS "auth_user_user_permissions_user_id_a95ead1b" ON "auth_user_user_permissions" ("user_id");
CREATE INDEX IF NOT EXISTS "auth_user_user_permissions_permission_id_1fbb5f2c" ON "auth_user_user_permissions" ("permission_id");
CREATE INDEX IF NOT EXISTS "django_admin_log_content_type_id_c4bce8eb" ON "django_admin_log" ("content_type_id");
CREATE INDEX IF NOT EXISTS "django_admin_log_user_id_c564eba6" ON "django_admin_log" ("user_id");
CREATE UNIQUE INDEX "django_content_type_app_label_model_76bd3d3b_uniq" ON "django_content_type" ("app_label", "model");
CREATE UNIQUE INDEX "auth_permission_content_type_id_codename_01ab375a_uniq" ON "auth_permission" ("content_type_id", "codename");
CREATE INDEX IF NOT EXISTS "auth_permission_content_type_id_2f476e4b" ON "auth_permission" ("content_type_id");
CREATE INDEX IF NOT EXISTS "django_session_expire_date_a5c62663" ON "django_session" ("expire_date");
CREATE UNIQUE INDEX "user_usercutsom_groups_usercutsom_id_group_id_4e7fb806_uniq" ON "user_usercutsom_groups" ("usercutsom_id", "group_id");
CREATE INDEX IF NOT EXISTS "user_usercutsom_groups_usercutsom_id_dce02a38" ON "user_usercutsom_groups" ("usercutsom_id");
CREATE INDEX IF NOT EXISTS "user_usercutsom_groups_group_id_5efdf12e" ON "user_usercutsom_groups" ("group_id");
CREATE UNIQUE INDEX "user_usercutsom_user_permissions_usercutsom_id_permission_id_f91b0926_uniq" ON "user_usercutsom_user_permissions" ("usercutsom_id", "permission_id");
CREATE INDEX IF NOT EXISTS "user_usercutsom_user_permissions_usercutsom_id_2301015a" ON "user_usercutsom_user_permissions" ("usercutsom_id");
CREATE INDEX IF NOT EXISTS "user_usercutsom_user_permissions_permission_id_6111a6df" ON "user_usercutsom_user_permissions" ("permission_id");
CREATE INDEX IF NOT EXISTS "user_question_quiz_id_49c285a7" ON "user_question" ("quiz_id");
CREATE INDEX IF NOT EXISTS "user_answer_question_id_62eab67d" ON "user_answer" ("question_id");
CREATE INDEX IF NOT EXISTS "user_useranswer_chosen_answer_id_45c209ec" ON "user_useranswer" ("chosen_answer_id");
CREATE INDEX IF NOT EXISTS "user_useranswer_question_id_c8476b28" ON "user_useranswer" ("question_id");
CREATE INDEX IF NOT EXISTS "user_useranswer_user_id_c43b8989" ON "user_useranswer" ("user_id");
CREATE INDEX IF NOT EXISTS "otp_totp_totpdevice_user_id_0fb18292" ON "otp_totp_totpdevice" ("user_id");
CREATE INDEX IF NOT EXISTS "user_quiz_course_id_52e3ef7a" ON "user_quiz" ("course_id");
CREATE INDEX IF NOT EXISTS "user_quiz_owner_id_b69445be" ON "user_quiz" ("owner_id");
CREATE INDEX IF NOT EXISTS "user_user_answer_chosen_answer_id_7206f250" ON "user_user_answer" ("chosen_answer_id");
CREATE INDEX IF NOT EXISTS "user_user_answer_question_id_d17e9c42" ON "user_user_answer" ("question_id");
CREATE INDEX IF NOT EXISTS "user_user_answer_user_id_1371d673" ON "user_user_answer" ("user_id");
CREATE INDEX IF NOT EXISTS "django_apscheduler_djangojob_next_run_time_2f022619" ON "django_apscheduler_djangojob" ("next_run_time");
CREATE INDEX IF NOT EXISTS "django_apscheduler_djangojobexecution_run_time_16edd96b" ON "django_apscheduler_djangojobexecution" ("run_time");
CREATE INDEX IF NOT EXISTS "django_apscheduler_djangojobexecution_job_id_daf5090a" ON "django_apscheduler_djangojobexecution" ("job_id");
CREATE TABLE IF NOT EXISTS "user_instructor" ("id" integer NOT NULL PRIMARY KEY AUTOINCREMENT, "user_id" bigint NOT NULL UNIQUE REFERENCES "user_usercutsom" ("id") DEFERRABLE INITIALLY DEFERRED);
CREATE UNIQUE INDEX "auth_group_permissions_group_id_permission_id_0cd325b0_uniq" ON "auth_group_permissions" ("group_id", "permission_id");
CREATE INDEX IF NOT EXISTS "auth_group_permissions_group_id_b120cbf9" ON "auth_group_permissions" ("group_id");
CREATE INDEX IF NOT EXISTS "auth_group_permissions_permission_id_84c5c92e" ON "auth_group_permissions" ("permission_id");
CREATE UNIQUE INDEX "auth_user_groups_user_id_group_id_94350c0c_uniq" ON "auth_user_groups" ("user_id", "group_id");
CREATE INDEX IF NOT EXISTS "auth_user_groups_user_id_6a12ed8b" ON "auth_user_groups" ("user_id");
CREATE INDEX IF NOT EXISTS "auth_user_groups_group_id_97559544" ON "auth_user_groups" ("group_id");
CREATE UNIQUE INDEX "auth_user_user_permissions_user_id_permission_id_14a6b632_uniq" ON "auth_user_user_permissions" ("user_id", "permission_id");
CREATE INDEX IF NOT EXISTS "auth_user_user_permissions_user_id_a95ead1b" ON "auth_user_user_permissions" ("user_id");
CREATE INDEX IF NOT EXISTS "auth_user_user_permissions_permission_id_1fbb5f2c" ON "auth_user_user_permissions" ("permission_id");
CREATE INDEX IF NOT EXISTS "django_admin_log_content_type_id_c4bce8eb" ON "django_admin_log" ("content_type_id");
CREATE INDEX IF NOT EXISTS "django_admin_log_user_id_c564eba6" ON "django_admin_log" ("user_id");
CREATE UNIQUE INDEX "django_content_type_app_label_model_76bd3d3b_uniq" ON "django_content_type" ("app_label", "model");
CREATE UNIQUE INDEX "auth_permission_content_type_id_codename_01ab375a_uniq" ON "auth_permission" ("content_type_id", "codename");
CREATE INDEX IF NOT EXISTS "auth_permission_content_type_id_2f476e4b" ON "auth_permission" ("content_type_id");
CREATE INDEX IF NOT EXISTS "django_session_expire_date_a5c62663" ON "django_session" ("expire_date");
CREATE UNIQUE INDEX "user_usercutsom_groups_usercutsom_id_group_id_4e7fb806_uniq" ON "user_usercutsom_groups" ("usercutsom_id", "group_id");
CREATE INDEX IF NOT EXISTS "user_usercutsom_groups_usercutsom_id_dce02a38" ON "user_usercutsom_groups" ("usercutsom_id");
CREATE INDEX IF NOT EXISTS "user_usercutsom_groups_group_id_5efdf12e" ON "user_usercutsom_groups" ("group_id");
CREATE UNIQUE INDEX "user_usercutsom_user_permissions_usercutsom_id_permission_id_f91b0926_uniq" ON "user_usercutsom_user_permissions" ("usercutsom_id", "permission_id");
CREATE INDEX IF NOT EXISTS "user_usercutsom_user_permissions_usercutsom_id_2301015a" ON "user_usercutsom_user_permissions" ("usercutsom_id");
CREATE INDEX IF NOT EXISTS "user_usercutsom_user_permissions_permission_id_6111a6df" ON "user_usercutsom_user_permissions" ("permission_id");
CREATE INDEX IF NOT EXISTS "user_question_quiz_id_49c285a7" ON "user_question" ("quiz_id");
CREATE INDEX IF NOT EXISTS "user_answer_question_id_62eab67d" ON "user_answer" ("question_id");
CREATE INDEX IF NOT EXISTS "user_useranswer_chosen_answer_id_45c209ec" ON "user_useranswer" ("chosen_answer_id");
CREATE INDEX IF NOT EXISTS "user_useranswer_question_id_c8476b28" ON "user_useranswer" ("question_id");
CREATE INDEX IF NOT EXISTS "user_useranswer_user_id_c43b8989" ON "user_useranswer" ("user_id");
CREATE INDEX IF NOT EXISTS "otp_totp_totpdevice_user_id_0fb18292" ON "otp_totp_totpdevice" ("user_id");
CREATE INDEX IF NOT EXISTS "user_quiz_course_id_52e3ef7a" ON "user_quiz" ("course_id");
CREATE INDEX IF NOT EXISTS "user_quiz_owner_id_b69445be" ON "user_quiz" ("owner_id");
CREATE INDEX IF NOT EXISTS "user_user_answer_chosen_answer_id_7206f250" ON "user_user_answer" ("chosen_answer_id");
CREATE INDEX IF NOT EXISTS "user_user_answer_question_id_d17e9c42" ON "user_user_answer" ("question_id");
CREATE INDEX IF NOT EXISTS "user_user_answer_user_id_1371d673" ON "user_user_answer" ("user_id");
CREATE INDEX IF NOT EXISTS "django_apscheduler_djangojob_next_run_time_2f022619" ON "django_apscheduler_djangojob" ("next_run_time");
CREATE INDEX IF NOT EXISTS "django_apscheduler_djangojobexecution_run_time_16edd96b" ON "django_apscheduler_djangojobexecution" ("run_time");
CREATE INDEX IF NOT EXISTS "django_apscheduler_djangojobexecution_job_id_daf5090a" ON "django_apscheduler_djangojobexecution" ("job_id");
CREATE TABLE IF NOT EXISTS "user_learner" ("user_id" bigint NOT NULL PRIMARY KEY REFERENCES "user_usercutsom" ("id") DEFERRABLE INITIALLY DEFERRED);
INSERT INTO "user_learner" VALUES(139);
CREATE UNIQUE INDEX "auth_group_permissions_group_id_permission_id_0cd325b0_uniq" ON "auth_group_permissions" ("group_id", "permission_id");
CREATE INDEX IF NOT EXISTS "auth_group_permissions_group_id_b120cbf9" ON "auth_group_permissions" ("group_id");
CREATE INDEX IF NOT EXISTS "auth_group_permissions_permission_id_84c5c92e" ON "auth_group_permissions" ("permission_id");
CREATE UNIQUE INDEX "auth_user_groups_user_id_group_id_94350c0c_uniq" ON "auth_user_groups" ("user_id", "group_id");
CREATE INDEX IF NOT EXISTS "auth_user_groups_user_id_6a12ed8b" ON "auth_user_groups" ("user_id");
CREATE INDEX IF NOT EXISTS "auth_user_groups_group_id_97559544" ON "auth_user_groups" ("group_id");
CREATE UNIQUE INDEX "auth_user_user_permissions_user_id_permission_id_14a6b632_uniq" ON "auth_user_user_permissions" ("user_id", "permission_id");
CREATE INDEX IF NOT EXISTS "auth_user_user_permissions_user_id_a95ead1b" ON "auth_user_user_permissions" ("user_id");
CREATE INDEX IF NOT EXISTS "auth_user_user_permissions_permission_id_1fbb5f2c" ON "auth_user_user_permissions" ("permission_id");
CREATE INDEX IF NOT EXISTS "django_admin_log_content_type_id_c4bce8eb" ON "django_admin_log" ("content_type_id");
CREATE INDEX IF NOT EXISTS "django_admin_log_user_id_c564eba6" ON "django_admin_log" ("user_id");
CREATE UNIQUE INDEX "django_content_type_app_label_model_76bd3d3b_uniq" ON "django_content_type" ("app_label", "model");
CREATE UNIQUE INDEX "auth_permission_content_type_id_codename_01ab375a_uniq" ON "auth_permission" ("content_type_id", "codename");
CREATE INDEX IF NOT EXISTS "auth_permission_content_type_id_2f476e4b" ON "auth_permission" ("content_type_id");
CREATE INDEX IF NOT EXISTS "django_session_expire_date_a5c62663" ON "django_session" ("expire_date");
CREATE UNIQUE INDEX "user_usercutsom_groups_usercutsom_id_group_id_4e7fb806_uniq" ON "user_usercutsom_groups" ("usercutsom_id", "group_id");
CREATE INDEX IF NOT EXISTS "user_usercutsom_groups_usercutsom_id_dce02a38" ON "user_usercutsom_groups" ("usercutsom_id");
CREATE INDEX IF NOT EXISTS "user_usercutsom_groups_group_id_5efdf12e" ON "user_usercutsom_groups" ("group_id");
CREATE UNIQUE INDEX "user_usercutsom_user_permissions_usercutsom_id_permission_id_f91b0926_uniq" ON "user_usercutsom_user_permissions" ("usercutsom_id", "permission_id");
CREATE INDEX IF NOT EXISTS "user_usercutsom_user_permissions_usercutsom_id_2301015a" ON "user_usercutsom_user_permissions" ("usercutsom_id");
CREATE INDEX IF NOT EXISTS "user_usercutsom_user_permissions_permission_id_6111a6df" ON "user_usercutsom_user_permissions" ("permission_id");
CREATE INDEX IF NOT EXISTS "user_question_quiz_id_49c285a7" ON "user_question" ("quiz_id");
CREATE INDEX IF NOT EXISTS "user_answer_question_id_62eab67d" ON "user_answer" ("question_id");
CREATE INDEX IF NOT EXISTS "user_useranswer_chosen_answer_id_45c209ec" ON "user_useranswer" ("chosen_answer_id");
CREATE INDEX IF NOT EXISTS "user_useranswer_question_id_c8476b28" ON "user_useranswer" ("question_id");
CREATE INDEX IF NOT EXISTS "user_useranswer_user_id_c43b8989" ON "user_useranswer" ("user_id");
CREATE INDEX IF NOT EXISTS "otp_totp_totpdevice_user_id_0fb18292" ON "otp_totp_totpdevice" ("user_id");
CREATE INDEX IF NOT EXISTS "user_quiz_course_id_52e3ef7a" ON "user_quiz" ("course_id");
CREATE INDEX IF NOT EXISTS "user_quiz_owner_id_b69445be" ON "user_quiz" ("owner_id");
CREATE INDEX IF NOT EXISTS "user_user_answer_chosen_answer_id_7206f250" ON "user_user_answer" ("chosen_answer_id");
CREATE INDEX IF NOT EXISTS "user_user_answer_question_id_d17e9c42" ON "user_user_answer" ("question_id");
CREATE INDEX IF NOT EXISTS "user_user_answer_user_id_1371d673" ON "user_user_answer" ("user_id");
CREATE INDEX IF NOT EXISTS "django_apscheduler_djangojob_next_run_time_2f022619" ON "django_apscheduler_djangojob" ("next_run_time");
CREATE INDEX IF NOT EXISTS "django_apscheduler_djangojobexecution_run_time_16edd96b" ON "django_apscheduler_djangojobexecution" ("run_time");
CREATE INDEX IF NOT EXISTS "django_apscheduler_djangojobexecution_job_id_daf5090a" ON "django_apscheduler_djangojobexecution" ("job_id");
CREATE TABLE IF NOT EXISTS "user_profile" ("id" integer NOT NULL PRIMARY KEY AUTOINCREMENT, "image" varchar(100) NOT NULL, "user_id" bigint NOT NULL UNIQUE REFERENCES "user_usercutsom" ("id") DEFERRABLE INITIALLY DEFERRED);
INSERT INTO "user_profile" VALUES(1,'profile_pics/4f229f45f459ec69fb8bd546fbec2d6b_fk4O4eJ.jpg',14);
INSERT INTO "user_profile" VALUES(2,'profile_pics/default.png',15);
INSERT INTO "user_profile" VALUES(12,'profile_pics/default.png',25);
INSERT INTO "user_profile" VALUES(14,'profile_pics/879195b0fea5fca0189bb62c54878f16.jpg',27);
INSERT INTO "user_profile" VALUES(37,'profile_pics/default.png',50);
INSERT INTO "user_profile" VALUES(126,'profile_pics/default.png',139);
CREATE UNIQUE INDEX "auth_group_permissions_group_id_permission_id_0cd325b0_uniq" ON "auth_group_permissions" ("group_id", "permission_id");
CREATE INDEX IF NOT EXISTS "auth_group_permissions_group_id_b120cbf9" ON "auth_group_permissions" ("group_id");
CREATE INDEX IF NOT EXISTS "auth_group_permissions_permission_id_84c5c92e" ON "auth_group_permissions" ("permission_id");
CREATE UNIQUE INDEX "auth_user_groups_user_id_group_id_94350c0c_uniq" ON "auth_user_groups" ("user_id", "group_id");
CREATE INDEX IF NOT EXISTS "auth_user_groups_user_id_6a12ed8b" ON "auth_user_groups" ("user_id");
CREATE INDEX IF NOT EXISTS "auth_user_groups_group_id_97559544" ON "auth_user_groups" ("group_id");
CREATE UNIQUE INDEX "auth_user_user_permissions_user_id_permission_id_14a6b632_uniq" ON "auth_user_user_permissions" ("user_id", "permission_id");
CREATE INDEX IF NOT EXISTS "auth_user_user_permissions_user_id_a95ead1b" ON "auth_user_user_permissions" ("user_id");
CREATE INDEX IF NOT EXISTS "auth_user_user_permissions_permission_id_1fbb5f2c" ON "auth_user_user_permissions" ("permission_id");
CREATE INDEX IF NOT EXISTS "django_admin_log_content_type_id_c4bce8eb" ON "django_admin_log" ("content_type_id");
CREATE INDEX IF NOT EXISTS "django_admin_log_user_id_c564eba6" ON "django_admin_log" ("user_id");
CREATE UNIQUE INDEX "django_content_type_app_label_model_76bd3d3b_uniq" ON "django_content_type" ("app_label", "model");
CREATE UNIQUE INDEX "auth_permission_content_type_id_codename_01ab375a_uniq" ON "auth_permission" ("content_type_id", "codename");
CREATE INDEX IF NOT EXISTS "auth_permission_content_type_id_2f476e4b" ON "auth_permission" ("content_type_id");
CREATE INDEX IF NOT EXISTS "django_session_expire_date_a5c62663" ON "django_session" ("expire_date");
CREATE UNIQUE INDEX "user_usercutsom_groups_usercutsom_id_group_id_4e7fb806_uniq" ON "user_usercutsom_groups" ("usercutsom_id", "group_id");
CREATE INDEX IF NOT EXISTS "user_usercutsom_groups_usercutsom_id_dce02a38" ON "user_usercutsom_groups" ("usercutsom_id");
CREATE INDEX IF NOT EXISTS "user_usercutsom_groups_group_id_5efdf12e" ON "user_usercutsom_groups" ("group_id");
CREATE UNIQUE INDEX "user_usercutsom_user_permissions_usercutsom_id_permission_id_f91b0926_uniq" ON "user_usercutsom_user_permissions" ("usercutsom_id", "permission_id");
CREATE INDEX IF NOT EXISTS "user_usercutsom_user_permissions_usercutsom_id_2301015a" ON "user_usercutsom_user_permissions" ("usercutsom_id");
CREATE INDEX IF NOT EXISTS "user_usercutsom_user_permissions_permission_id_6111a6df" ON "user_usercutsom_user_permissions" ("permission_id");
CREATE INDEX IF NOT EXISTS "user_question_quiz_id_49c285a7" ON "user_question" ("quiz_id");
CREATE INDEX IF NOT EXISTS "user_answer_question_id_62eab67d" ON "user_answer" ("question_id");
CREATE INDEX IF NOT EXISTS "user_useranswer_chosen_answer_id_45c209ec" ON "user_useranswer" ("chosen_answer_id");
CREATE INDEX IF NOT EXISTS "user_useranswer_question_id_c8476b28" ON "user_useranswer" ("question_id");
CREATE INDEX IF NOT EXISTS "user_useranswer_user_id_c43b8989" ON "user_useranswer" ("user_id");
CREATE INDEX IF NOT EXISTS "otp_totp_totpdevice_user_id_0fb18292" ON "otp_totp_totpdevice" ("user_id");
CREATE INDEX IF NOT EXISTS "user_quiz_course_id_52e3ef7a" ON "user_quiz" ("course_id");
CREATE INDEX IF NOT EXISTS "user_quiz_owner_id_b69445be" ON "user_quiz" ("owner_id");
CREATE INDEX IF NOT EXISTS "user_user_answer_chosen_answer_id_7206f250" ON "user_user_answer" ("chosen_answer_id");
CREATE INDEX IF NOT EXISTS "user_user_answer_question_id_d17e9c42" ON "user_user_answer" ("question_id");
CREATE INDEX IF NOT EXISTS "user_user_answer_user_id_1371d673" ON "user_user_answer" ("user_id");
CREATE INDEX IF NOT EXISTS "django_apscheduler_djangojob_next_run_time_2f022619" ON "django_apscheduler_djangojob" ("next_run_time");
CREATE INDEX IF NOT EXISTS "django_apscheduler_djangojobexecution_run_time_16edd96b" ON "django_apscheduler_djangojobexecution" ("run_time");
CREATE INDEX IF NOT EXISTS "django_apscheduler_djangojobexecution_job_id_daf5090a" ON "django_apscheduler_djangojobexecution" ("job_id");
CREATE TABLE IF NOT EXISTS "user_question" ("id" integer NOT NULL PRIMARY KEY AUTOINCREMENT, "text" varchar(255) NOT NULL, "quiz_id" bigint NOT NULL REFERENCES "user_quiz" ("id") DEFERRABLE INITIALLY DEFERRED);
INSERT INTO "user_question" VALUES(8,'While performing a Nmap scan against a host, Paola determines the existence of a firewall. In an attempt to determine whether the firewall is stateful or stateless, which of the following options would be best to use?',4);
INSERT INTO "user_question" VALUES(9,'You are a penetration tester working to test the user awareness of the employees of the client XYZ. You harvested two employees emails from some public sources and are creating a client-side backdoor to send it to the employees via email. Which stage of',4);
INSERT INTO "user_question" VALUES(10,'A newly joined employee, Janet, has been allocated an existing system used by a previous employee. Before issuing the system to Janet, it was assessed by Martin, the administrator. Martin found that there were possibilities of compromise through user dire',4);
CREATE UNIQUE INDEX "auth_group_permissions_group_id_permission_id_0cd325b0_uniq" ON "auth_group_permissions" ("group_id", "permission_id");
CREATE INDEX IF NOT EXISTS "auth_group_permissions_group_id_b120cbf9" ON "auth_group_permissions" ("group_id");
CREATE INDEX IF NOT EXISTS "auth_group_permissions_permission_id_84c5c92e" ON "auth_group_permissions" ("permission_id");
CREATE UNIQUE INDEX "auth_user_groups_user_id_group_id_94350c0c_uniq" ON "auth_user_groups" ("user_id", "group_id");
CREATE INDEX IF NOT EXISTS "auth_user_groups_user_id_6a12ed8b" ON "auth_user_groups" ("user_id");
CREATE INDEX IF NOT EXISTS "auth_user_groups_group_id_97559544" ON "auth_user_groups" ("group_id");
CREATE UNIQUE INDEX "auth_user_user_permissions_user_id_permission_id_14a6b632_uniq" ON "auth_user_user_permissions" ("user_id", "permission_id");
CREATE INDEX IF NOT EXISTS "auth_user_user_permissions_user_id_a95ead1b" ON "auth_user_user_permissions" ("user_id");
CREATE INDEX IF NOT EXISTS "auth_user_user_permissions_permission_id_1fbb5f2c" ON "auth_user_user_permissions" ("permission_id");
CREATE INDEX IF NOT EXISTS "django_admin_log_content_type_id_c4bce8eb" ON "django_admin_log" ("content_type_id");
CREATE INDEX IF NOT EXISTS "django_admin_log_user_id_c564eba6" ON "django_admin_log" ("user_id");
CREATE UNIQUE INDEX "django_content_type_app_label_model_76bd3d3b_uniq" ON "django_content_type" ("app_label", "model");
CREATE UNIQUE INDEX "auth_permission_content_type_id_codename_01ab375a_uniq" ON "auth_permission" ("content_type_id", "codename");
CREATE INDEX IF NOT EXISTS "auth_permission_content_type_id_2f476e4b" ON "auth_permission" ("content_type_id");
CREATE INDEX IF NOT EXISTS "django_session_expire_date_a5c62663" ON "django_session" ("expire_date");
CREATE UNIQUE INDEX "user_usercutsom_groups_usercutsom_id_group_id_4e7fb806_uniq" ON "user_usercutsom_groups" ("usercutsom_id", "group_id");
CREATE INDEX IF NOT EXISTS "user_usercutsom_groups_usercutsom_id_dce02a38" ON "user_usercutsom_groups" ("usercutsom_id");
CREATE INDEX IF NOT EXISTS "user_usercutsom_groups_group_id_5efdf12e" ON "user_usercutsom_groups" ("group_id");
CREATE UNIQUE INDEX "user_usercutsom_user_permissions_usercutsom_id_permission_id_f91b0926_uniq" ON "user_usercutsom_user_permissions" ("usercutsom_id", "permission_id");
CREATE INDEX IF NOT EXISTS "user_usercutsom_user_permissions_usercutsom_id_2301015a" ON "user_usercutsom_user_permissions" ("usercutsom_id");
CREATE INDEX IF NOT EXISTS "user_usercutsom_user_permissions_permission_id_6111a6df" ON "user_usercutsom_user_permissions" ("permission_id");
CREATE INDEX IF NOT EXISTS "user_question_quiz_id_49c285a7" ON "user_question" ("quiz_id");
CREATE INDEX IF NOT EXISTS "user_answer_question_id_62eab67d" ON "user_answer" ("question_id");
CREATE INDEX IF NOT EXISTS "user_useranswer_chosen_answer_id_45c209ec" ON "user_useranswer" ("chosen_answer_id");
CREATE INDEX IF NOT EXISTS "user_useranswer_question_id_c8476b28" ON "user_useranswer" ("question_id");
CREATE INDEX IF NOT EXISTS "user_useranswer_user_id_c43b8989" ON "user_useranswer" ("user_id");
CREATE INDEX IF NOT EXISTS "otp_totp_totpdevice_user_id_0fb18292" ON "otp_totp_totpdevice" ("user_id");
CREATE INDEX IF NOT EXISTS "user_quiz_course_id_52e3ef7a" ON "user_quiz" ("course_id");
CREATE INDEX IF NOT EXISTS "user_quiz_owner_id_b69445be" ON "user_quiz" ("owner_id");
CREATE INDEX IF NOT EXISTS "user_user_answer_chosen_answer_id_7206f250" ON "user_user_answer" ("chosen_answer_id");
CREATE INDEX IF NOT EXISTS "user_user_answer_question_id_d17e9c42" ON "user_user_answer" ("question_id");
CREATE INDEX IF NOT EXISTS "user_user_answer_user_id_1371d673" ON "user_user_answer" ("user_id");
CREATE INDEX IF NOT EXISTS "django_apscheduler_djangojob_next_run_time_2f022619" ON "django_apscheduler_djangojob" ("next_run_time");
CREATE INDEX IF NOT EXISTS "django_apscheduler_djangojobexecution_run_time_16edd96b" ON "django_apscheduler_djangojobexecution" ("run_time");
CREATE INDEX IF NOT EXISTS "django_apscheduler_djangojobexecution_job_id_daf5090a" ON "django_apscheduler_djangojobexecution" ("job_id");
CREATE TABLE IF NOT EXISTS "user_quiz" ("id" integer NOT NULL PRIMARY KEY AUTOINCREMENT, "name" varchar(255) NOT NULL, "course_id" bigint NOT NULL REFERENCES "user_course" ("id") DEFERRABLE INITIALLY DEFERRED, "owner_id" bigint NOT NULL REFERENCES "user_usercutsom" ("id") DEFERRABLE INITIALLY DEFERRED);
INSERT INTO "user_quiz" VALUES(3,'CEH quiz one',1,14);
INSERT INTO "user_quiz" VALUES(4,'CEH quiz2',1,14);
CREATE UNIQUE INDEX "auth_group_permissions_group_id_permission_id_0cd325b0_uniq" ON "auth_group_permissions" ("group_id", "permission_id");
CREATE INDEX IF NOT EXISTS "auth_group_permissions_group_id_b120cbf9" ON "auth_group_permissions" ("group_id");
CREATE INDEX IF NOT EXISTS "auth_group_permissions_permission_id_84c5c92e" ON "auth_group_permissions" ("permission_id");
CREATE UNIQUE INDEX "auth_user_groups_user_id_group_id_94350c0c_uniq" ON "auth_user_groups" ("user_id", "group_id");
CREATE INDEX IF NOT EXISTS "auth_user_groups_user_id_6a12ed8b" ON "auth_user_groups" ("user_id");
CREATE INDEX IF NOT EXISTS "auth_user_groups_group_id_97559544" ON "auth_user_groups" ("group_id");
CREATE UNIQUE INDEX "auth_user_user_permissions_user_id_permission_id_14a6b632_uniq" ON "auth_user_user_permissions" ("user_id", "permission_id");
CREATE INDEX IF NOT EXISTS "auth_user_user_permissions_user_id_a95ead1b" ON "auth_user_user_permissions" ("user_id");
CREATE INDEX IF NOT EXISTS "auth_user_user_permissions_permission_id_1fbb5f2c" ON "auth_user_user_permissions" ("permission_id");
CREATE INDEX IF NOT EXISTS "django_admin_log_content_type_id_c4bce8eb" ON "django_admin_log" ("content_type_id");
CREATE INDEX IF NOT EXISTS "django_admin_log_user_id_c564eba6" ON "django_admin_log" ("user_id");
CREATE UNIQUE INDEX "django_content_type_app_label_model_76bd3d3b_uniq" ON "django_content_type" ("app_label", "model");
CREATE UNIQUE INDEX "auth_permission_content_type_id_codename_01ab375a_uniq" ON "auth_permission" ("content_type_id", "codename");
CREATE INDEX IF NOT EXISTS "auth_permission_content_type_id_2f476e4b" ON "auth_permission" ("content_type_id");
CREATE INDEX IF NOT EXISTS "django_session_expire_date_a5c62663" ON "django_session" ("expire_date");
CREATE UNIQUE INDEX "user_usercutsom_groups_usercutsom_id_group_id_4e7fb806_uniq" ON "user_usercutsom_groups" ("usercutsom_id", "group_id");
CREATE INDEX IF NOT EXISTS "user_usercutsom_groups_usercutsom_id_dce02a38" ON "user_usercutsom_groups" ("usercutsom_id");
CREATE INDEX IF NOT EXISTS "user_usercutsom_groups_group_id_5efdf12e" ON "user_usercutsom_groups" ("group_id");
CREATE UNIQUE INDEX "user_usercutsom_user_permissions_usercutsom_id_permission_id_f91b0926_uniq" ON "user_usercutsom_user_permissions" ("usercutsom_id", "permission_id");
CREATE INDEX IF NOT EXISTS "user_usercutsom_user_permissions_usercutsom_id_2301015a" ON "user_usercutsom_user_permissions" ("usercutsom_id");
CREATE INDEX IF NOT EXISTS "user_usercutsom_user_permissions_permission_id_6111a6df" ON "user_usercutsom_user_permissions" ("permission_id");
CREATE INDEX IF NOT EXISTS "user_question_quiz_id_49c285a7" ON "user_question" ("quiz_id");
CREATE INDEX IF NOT EXISTS "user_answer_question_id_62eab67d" ON "user_answer" ("question_id");
CREATE INDEX IF NOT EXISTS "user_useranswer_chosen_answer_id_45c209ec" ON "user_useranswer" ("chosen_answer_id");
CREATE INDEX IF NOT EXISTS "user_useranswer_question_id_c8476b28" ON "user_useranswer" ("question_id");
CREATE INDEX IF NOT EXISTS "user_useranswer_user_id_c43b8989" ON "user_useranswer" ("user_id");
CREATE INDEX IF NOT EXISTS "otp_totp_totpdevice_user_id_0fb18292" ON "otp_totp_totpdevice" ("user_id");
CREATE INDEX IF NOT EXISTS "user_quiz_course_id_52e3ef7a" ON "user_quiz" ("course_id");
CREATE INDEX IF NOT EXISTS "user_quiz_owner_id_b69445be" ON "user_quiz" ("owner_id");
CREATE INDEX IF NOT EXISTS "user_user_answer_chosen_answer_id_7206f250" ON "user_user_answer" ("chosen_answer_id");
CREATE INDEX IF NOT EXISTS "user_user_answer_question_id_d17e9c42" ON "user_user_answer" ("question_id");
CREATE INDEX IF NOT EXISTS "user_user_answer_user_id_1371d673" ON "user_user_answer" ("user_id");
CREATE INDEX IF NOT EXISTS "django_apscheduler_djangojob_next_run_time_2f022619" ON "django_apscheduler_djangojob" ("next_run_time");
CREATE INDEX IF NOT EXISTS "django_apscheduler_djangojobexecution_run_time_16edd96b" ON "django_apscheduler_djangojobexecution" ("run_time");
CREATE INDEX IF NOT EXISTS "django_apscheduler_djangojobexecution_job_id_daf5090a" ON "django_apscheduler_djangojobexecution" ("job_id");
CREATE TABLE IF NOT EXISTS "user_user_answer" ("id" integer NOT NULL PRIMARY KEY AUTOINCREMENT, "chosen_answer_id" bigint NULL REFERENCES "user_answer" ("id") DEFERRABLE INITIALLY DEFERRED, "question_id" bigint NOT NULL REFERENCES "user_question" ("id") DEFERRABLE INITIALLY DEFERRED, "user_mark" decimal NULL, "user_id" bigint NOT NULL REFERENCES "user_usercutsom" ("id") DEFERRABLE INITIALLY DEFERRED);
CREATE UNIQUE INDEX "auth_group_permissions_group_id_permission_id_0cd325b0_uniq" ON "auth_group_permissions" ("group_id", "permission_id");
CREATE INDEX IF NOT EXISTS "auth_group_permissions_group_id_b120cbf9" ON "auth_group_permissions" ("group_id");
CREATE INDEX IF NOT EXISTS "auth_group_permissions_permission_id_84c5c92e" ON "auth_group_permissions" ("permission_id");
CREATE UNIQUE INDEX "auth_user_groups_user_id_group_id_94350c0c_uniq" ON "auth_user_groups" ("user_id", "group_id");
CREATE INDEX IF NOT EXISTS "auth_user_groups_user_id_6a12ed8b" ON "auth_user_groups" ("user_id");
CREATE INDEX IF NOT EXISTS "auth_user_groups_group_id_97559544" ON "auth_user_groups" ("group_id");
CREATE UNIQUE INDEX "auth_user_user_permissions_user_id_permission_id_14a6b632_uniq" ON "auth_user_user_permissions" ("user_id", "permission_id");
CREATE INDEX IF NOT EXISTS "auth_user_user_permissions_user_id_a95ead1b" ON "auth_user_user_permissions" ("user_id");
CREATE INDEX IF NOT EXISTS "auth_user_user_permissions_permission_id_1fbb5f2c" ON "auth_user_user_permissions" ("permission_id");
CREATE INDEX IF NOT EXISTS "django_admin_log_content_type_id_c4bce8eb" ON "django_admin_log" ("content_type_id");
CREATE INDEX IF NOT EXISTS "django_admin_log_user_id_c564eba6" ON "django_admin_log" ("user_id");
CREATE UNIQUE INDEX "django_content_type_app_label_model_76bd3d3b_uniq" ON "django_content_type" ("app_label", "model");
CREATE UNIQUE INDEX "auth_permission_content_type_id_codename_01ab375a_uniq" ON "auth_permission" ("content_type_id", "codename");
CREATE INDEX IF NOT EXISTS "auth_permission_content_type_id_2f476e4b" ON "auth_permission" ("content_type_id");
CREATE INDEX IF NOT EXISTS "django_session_expire_date_a5c62663" ON "django_session" ("expire_date");
CREATE UNIQUE INDEX "user_usercutsom_groups_usercutsom_id_group_id_4e7fb806_uniq" ON "user_usercutsom_groups" ("usercutsom_id", "group_id");
CREATE INDEX IF NOT EXISTS "user_usercutsom_groups_usercutsom_id_dce02a38" ON "user_usercutsom_groups" ("usercutsom_id");
CREATE INDEX IF NOT EXISTS "user_usercutsom_groups_group_id_5efdf12e" ON "user_usercutsom_groups" ("group_id");
CREATE UNIQUE INDEX "user_usercutsom_user_permissions_usercutsom_id_permission_id_f91b0926_uniq" ON "user_usercutsom_user_permissions" ("usercutsom_id", "permission_id");
CREATE INDEX IF NOT EXISTS "user_usercutsom_user_permissions_usercutsom_id_2301015a" ON "user_usercutsom_user_permissions" ("usercutsom_id");
CREATE INDEX IF NOT EXISTS "user_usercutsom_user_permissions_permission_id_6111a6df" ON "user_usercutsom_user_permissions" ("permission_id");
CREATE INDEX IF NOT EXISTS "user_question_quiz_id_49c285a7" ON "user_question" ("quiz_id");
CREATE INDEX IF NOT EXISTS "user_answer_question_id_62eab67d" ON "user_answer" ("question_id");
CREATE INDEX IF NOT EXISTS "user_useranswer_chosen_answer_id_45c209ec" ON "user_useranswer" ("chosen_answer_id");
CREATE INDEX IF NOT EXISTS "user_useranswer_question_id_c8476b28" ON "user_useranswer" ("question_id");
CREATE INDEX IF NOT EXISTS "user_useranswer_user_id_c43b8989" ON "user_useranswer" ("user_id");
CREATE INDEX IF NOT EXISTS "otp_totp_totpdevice_user_id_0fb18292" ON "otp_totp_totpdevice" ("user_id");
CREATE INDEX IF NOT EXISTS "user_quiz_course_id_52e3ef7a" ON "user_quiz" ("course_id");
CREATE INDEX IF NOT EXISTS "user_quiz_owner_id_b69445be" ON "user_quiz" ("owner_id");
CREATE INDEX IF NOT EXISTS "user_user_answer_chosen_answer_id_7206f250" ON "user_user_answer" ("chosen_answer_id");
CREATE INDEX IF NOT EXISTS "user_user_answer_question_id_d17e9c42" ON "user_user_answer" ("question_id");
CREATE INDEX IF NOT EXISTS "user_user_answer_user_id_1371d673" ON "user_user_answer" ("user_id");
CREATE INDEX IF NOT EXISTS "django_apscheduler_djangojob_next_run_time_2f022619" ON "django_apscheduler_djangojob" ("next_run_time");
CREATE INDEX IF NOT EXISTS "django_apscheduler_djangojobexecution_run_time_16edd96b" ON "django_apscheduler_djangojobexecution" ("run_time");
CREATE INDEX IF NOT EXISTS "django_apscheduler_djangojobexecution_job_id_daf5090a" ON "django_apscheduler_djangojobexecution" ("job_id");
CREATE TABLE IF NOT EXISTS "user_useranswer" ("id" integer NOT NULL PRIMARY KEY AUTOINCREMENT, "chosen_answer_id" bigint NULL REFERENCES "user_answer" ("id") DEFERRABLE INITIALLY DEFERRED, "question_id" bigint NOT NULL REFERENCES "user_question" ("id") DEFERRABLE INITIALLY DEFERRED, "user_id" bigint NOT NULL REFERENCES "user_usercutsom" ("id") DEFERRABLE INITIALLY DEFERRED, "marks" integer NOT NULL);
INSERT INTO "user_useranswer" VALUES(1,29,8,15,1);
INSERT INTO "user_useranswer" VALUES(2,29,8,15,1);
INSERT INTO "user_useranswer" VALUES(3,29,8,15,1);
INSERT INTO "user_useranswer" VALUES(4,29,8,15,1);
INSERT INTO "user_useranswer" VALUES(5,29,8,15,1);
INSERT INTO "user_useranswer" VALUES(6,34,9,15,1);
INSERT INTO "user_useranswer" VALUES(7,40,10,15,0);
INSERT INTO "user_useranswer" VALUES(8,29,8,15,1);
INSERT INTO "user_useranswer" VALUES(9,34,9,15,1);
INSERT INTO "user_useranswer" VALUES(10,38,10,15,1);
CREATE UNIQUE INDEX "auth_group_permissions_group_id_permission_id_0cd325b0_uniq" ON "auth_group_permissions" ("group_id", "permission_id");
CREATE INDEX IF NOT EXISTS "auth_group_permissions_group_id_b120cbf9" ON "auth_group_permissions" ("group_id");
CREATE INDEX IF NOT EXISTS "auth_group_permissions_permission_id_84c5c92e" ON "auth_group_permissions" ("permission_id");
CREATE UNIQUE INDEX "auth_user_groups_user_id_group_id_94350c0c_uniq" ON "auth_user_groups" ("user_id", "group_id");
CREATE INDEX IF NOT EXISTS "auth_user_groups_user_id_6a12ed8b" ON "auth_user_groups" ("user_id");
CREATE INDEX IF NOT EXISTS "auth_user_groups_group_id_97559544" ON "auth_user_groups" ("group_id");
CREATE UNIQUE INDEX "auth_user_user_permissions_user_id_permission_id_14a6b632_uniq" ON "auth_user_user_permissions" ("user_id", "permission_id");
CREATE INDEX IF NOT EXISTS "auth_user_user_permissions_user_id_a95ead1b" ON "auth_user_user_permissions" ("user_id");
CREATE INDEX IF NOT EXISTS "auth_user_user_permissions_permission_id_1fbb5f2c" ON "auth_user_user_permissions" ("permission_id");
CREATE INDEX IF NOT EXISTS "django_admin_log_content_type_id_c4bce8eb" ON "django_admin_log" ("content_type_id");
CREATE INDEX IF NOT EXISTS "django_admin_log_user_id_c564eba6" ON "django_admin_log" ("user_id");
CREATE UNIQUE INDEX "django_content_type_app_label_model_76bd3d3b_uniq" ON "django_content_type" ("app_label", "model");
CREATE UNIQUE INDEX "auth_permission_content_type_id_codename_01ab375a_uniq" ON "auth_permission" ("content_type_id", "codename");
CREATE INDEX IF NOT EXISTS "auth_permission_content_type_id_2f476e4b" ON "auth_permission" ("content_type_id");
CREATE INDEX IF NOT EXISTS "django_session_expire_date_a5c62663" ON "django_session" ("expire_date");
CREATE UNIQUE INDEX "user_usercutsom_groups_usercutsom_id_group_id_4e7fb806_uniq" ON "user_usercutsom_groups" ("usercutsom_id", "group_id");
CREATE INDEX IF NOT EXISTS "user_usercutsom_groups_usercutsom_id_dce02a38" ON "user_usercutsom_groups" ("usercutsom_id");
CREATE INDEX IF NOT EXISTS "user_usercutsom_groups_group_id_5efdf12e" ON "user_usercutsom_groups" ("group_id");
CREATE UNIQUE INDEX "user_usercutsom_user_permissions_usercutsom_id_permission_id_f91b0926_uniq" ON "user_usercutsom_user_permissions" ("usercutsom_id", "permission_id");
CREATE INDEX IF NOT EXISTS "user_usercutsom_user_permissions_usercutsom_id_2301015a" ON "user_usercutsom_user_permissions" ("usercutsom_id");
CREATE INDEX IF NOT EXISTS "user_usercutsom_user_permissions_permission_id_6111a6df" ON "user_usercutsom_user_permissions" ("permission_id");
CREATE INDEX IF NOT EXISTS "user_question_quiz_id_49c285a7" ON "user_question" ("quiz_id");
CREATE INDEX IF NOT EXISTS "user_answer_question_id_62eab67d" ON "user_answer" ("question_id");
CREATE INDEX IF NOT EXISTS "user_useranswer_chosen_answer_id_45c209ec" ON "user_useranswer" ("chosen_answer_id");
CREATE INDEX IF NOT EXISTS "user_useranswer_question_id_c8476b28" ON "user_useranswer" ("question_id");
CREATE INDEX IF NOT EXISTS "user_useranswer_user_id_c43b8989" ON "user_useranswer" ("user_id");
CREATE INDEX IF NOT EXISTS "otp_totp_totpdevice_user_id_0fb18292" ON "otp_totp_totpdevice" ("user_id");
CREATE INDEX IF NOT EXISTS "user_quiz_course_id_52e3ef7a" ON "user_quiz" ("course_id");
CREATE INDEX IF NOT EXISTS "user_quiz_owner_id_b69445be" ON "user_quiz" ("owner_id");
CREATE INDEX IF NOT EXISTS "user_user_answer_chosen_answer_id_7206f250" ON "user_user_answer" ("chosen_answer_id");
CREATE INDEX IF NOT EXISTS "user_user_answer_question_id_d17e9c42" ON "user_user_answer" ("question_id");
CREATE INDEX IF NOT EXISTS "user_user_answer_user_id_1371d673" ON "user_user_answer" ("user_id");
CREATE INDEX IF NOT EXISTS "django_apscheduler_djangojob_next_run_time_2f022619" ON "django_apscheduler_djangojob" ("next_run_time");
CREATE INDEX IF NOT EXISTS "django_apscheduler_djangojobexecution_run_time_16edd96b" ON "django_apscheduler_djangojobexecution" ("run_time");
CREATE INDEX IF NOT EXISTS "django_apscheduler_djangojobexecution_job_id_daf5090a" ON "django_apscheduler_djangojobexecution" ("job_id");
CREATE TABLE IF NOT EXISTS "user_usercutsom" ("id" integer NOT NULL PRIMARY KEY AUTOINCREMENT, "password" varchar(128) NOT NULL, "last_login" datetime NULL, "is_superuser" bool NOT NULL, "username" varchar(150) NOT NULL UNIQUE, "first_name" varchar(150) NOT NULL, "last_name" varchar(150) NOT NULL, "email" varchar(254) NOT NULL, "is_staff" bool NOT NULL, "is_active" bool NOT NULL, "date_joined" datetime NOT NULL, "is_learner" bool NOT NULL, "is_lectuer" bool NOT NULL, "email_verified" bool NOT NULL, "otp_created_at" datetime NULL, "otp_secret" varchar(16) NULL);
INSERT INTO "user_usercutsom" VALUES(14,'pbkdf2_sha256$720000$9rvQJ0nUAI18YnblOfPHvO$Q45eu1E0TPMN9BdZQSPhPoy7JDy/fBF+PfOM6O1EUV4=','2024-01-20 23:17:00.400008',0,'ultimatehope','','','hope@gmail.com',0,1,'2024-01-15 19:51:14.826304',0,1,0,NULL,NULL);
INSERT INTO "user_usercutsom" VALUES(15,'pbkdf2_sha256$720000$3kCniZBUeCMn6dkTDGHh2h$g7lSbT8w97NMGf2hF27twABcwdreUXB3RWSgA4QnOMs=','2024-01-19 17:07:21.721112',0,'zoro','','','zoro@gmail.com',0,1,'2024-01-17 20:48:14.970606',1,0,0,NULL,NULL);
INSERT INTO "user_usercutsom" VALUES(25,'pbkdf2_sha256$720000$4BPENKmi7zKy8xkdSifdFY$CK3CUjlWgF7qUasjNPHfYNJ1qW5RYgUysEt7x++88uk=','2024-01-19 20:52:38.036530',0,'anna','','','kyiphyushinthant4567@gmail.com',0,1,'2024-01-19 20:50:12.081740',1,0,0,NULL,NULL);
INSERT INTO "user_usercutsom" VALUES(27,'pbkdf2_sha256$720000$XlpQ2KbvDETyoX0Z6JhCfS$Yqpy7FJZkxwN7g2Ga0h8QRd6CGZJ3jDLTLEpoGcqP68=','2024-01-20 23:42:50.656045',0,'luffy','','','kyiphyushinthant4567@gmail.com',0,1,'2024-01-19 20:56:01.708158',1,0,1,'2024-01-20 23:09:39.315612',NULL);
INSERT INTO "user_usercutsom" VALUES(50,'pbkdf2_sha256$720000$v8f3wDY9cwrmowea5IIgyJ$GoEZrOd5rNC14vShlc+jJVCY5PPeJkepZBNpHNS7fGY=',NULL,0,'ado','','','kyiphyushinthant4567@gmail.com',0,1,'2024-01-19 22:53:34.161208',1,0,0,NULL,NULL);
INSERT INTO "user_usercutsom" VALUES(139,'pbkdf2_sha256$720000$yrFsZIwKLRwez6m08BhyeI$iUxqEesOc1LLFcGnr6MQIBsYVRxsGM2YfQvI44XOBsM=',NULL,0,'illu','','','kyiphyushinthant4567@gmail.com',0,1,'2024-01-20 10:37:26.639228',1,0,1,NULL,NULL);
CREATE UNIQUE INDEX "auth_group_permissions_group_id_permission_id_0cd325b0_uniq" ON "auth_group_permissions" ("group_id", "permission_id");
CREATE INDEX IF NOT EXISTS "auth_group_permissions_group_id_b120cbf9" ON "auth_group_permissions" ("group_id");
CREATE INDEX IF NOT EXISTS "auth_group_permissions_permission_id_84c5c92e" ON "auth_group_permissions" ("permission_id");
CREATE UNIQUE INDEX "auth_user_groups_user_id_group_id_94350c0c_uniq" ON "auth_user_groups" ("user_id", "group_id");
CREATE INDEX IF NOT EXISTS "auth_user_groups_user_id_6a12ed8b" ON "auth_user_groups" ("user_id");
CREATE INDEX IF NOT EXISTS "auth_user_groups_group_id_97559544" ON "auth_user_groups" ("group_id");
CREATE UNIQUE INDEX "auth_user_user_permissions_user_id_permission_id_14a6b632_uniq" ON "auth_user_user_permissions" ("user_id", "permission_id");
CREATE INDEX IF NOT EXISTS "auth_user_user_permissions_user_id_a95ead1b" ON "auth_user_user_permissions" ("user_id");
CREATE INDEX IF NOT EXISTS "auth_user_user_permissions_permission_id_1fbb5f2c" ON "auth_user_user_permissions" ("permission_id");
CREATE INDEX IF NOT EXISTS "django_admin_log_content_type_id_c4bce8eb" ON "django_admin_log" ("content_type_id");
CREATE INDEX IF NOT EXISTS "django_admin_log_user_id_c564eba6" ON "django_admin_log" ("user_id");
CREATE UNIQUE INDEX "django_content_type_app_label_model_76bd3d3b_uniq" ON "django_content_type" ("app_label", "model");
CREATE UNIQUE INDEX "auth_permission_content_type_id_codename_01ab375a_uniq" ON "auth_permission" ("content_type_id", "codename");
CREATE INDEX IF NOT EXISTS "auth_permission_content_type_id_2f476e4b" ON "auth_permission" ("content_type_id");
CREATE INDEX IF NOT EXISTS "django_session_expire_date_a5c62663" ON "django_session" ("expire_date");
CREATE UNIQUE INDEX "user_usercutsom_groups_usercutsom_id_group_id_4e7fb806_uniq" ON "user_usercutsom_groups" ("usercutsom_id", "group_id");
CREATE INDEX IF NOT EXISTS "user_usercutsom_groups_usercutsom_id_dce02a38" ON "user_usercutsom_groups" ("usercutsom_id");
CREATE INDEX IF NOT EXISTS "user_usercutsom_groups_group_id_5efdf12e" ON "user_usercutsom_groups" ("group_id");
CREATE UNIQUE INDEX "user_usercutsom_user_permissions_usercutsom_id_permission_id_f91b0926_uniq" ON "user_usercutsom_user_permissions" ("usercutsom_id", "permission_id");
CREATE INDEX IF NOT EXISTS "user_usercutsom_user_permissions_usercutsom_id_2301015a" ON "user_usercutsom_user_permissions" ("usercutsom_id");
CREATE INDEX IF NOT EXISTS "user_usercutsom_user_permissions_permission_id_6111a6df" ON "user_usercutsom_user_permissions" ("permission_id");
CREATE INDEX IF NOT EXISTS "user_question_quiz_id_49c285a7" ON "user_question" ("quiz_id");
CREATE INDEX IF NOT EXISTS "user_answer_question_id_62eab67d" ON "user_answer" ("question_id");
CREATE INDEX IF NOT EXISTS "user_useranswer_chosen_answer_id_45c209ec" ON "user_useranswer" ("chosen_answer_id");
CREATE INDEX IF NOT EXISTS "user_useranswer_question_id_c8476b28" ON "user_useranswer" ("question_id");
CREATE INDEX IF NOT EXISTS "user_useranswer_user_id_c43b8989" ON "user_useranswer" ("user_id");
CREATE INDEX IF NOT EXISTS "otp_totp_totpdevice_user_id_0fb18292" ON "otp_totp_totpdevice" ("user_id");
CREATE INDEX IF NOT EXISTS "user_quiz_course_id_52e3ef7a" ON "user_quiz" ("course_id");
CREATE INDEX IF NOT EXISTS "user_quiz_owner_id_b69445be" ON "user_quiz" ("owner_id");
CREATE INDEX IF NOT EXISTS "user_user_answer_chosen_answer_id_7206f250" ON "user_user_answer" ("chosen_answer_id");
CREATE INDEX IF NOT EXISTS "user_user_answer_question_id_d17e9c42" ON "user_user_answer" ("question_id");
CREATE INDEX IF NOT EXISTS "user_user_answer_user_id_1371d673" ON "user_user_answer" ("user_id");
CREATE INDEX IF NOT EXISTS "django_apscheduler_djangojob_next_run_time_2f022619" ON "django_apscheduler_djangojob" ("next_run_time");
CREATE INDEX IF NOT EXISTS "django_apscheduler_djangojobexecution_run_time_16edd96b" ON "django_apscheduler_djangojobexecution" ("run_time");
CREATE INDEX IF NOT EXISTS "django_apscheduler_djangojobexecution_job_id_daf5090a" ON "django_apscheduler_djangojobexecution" ("job_id");
CREATE TABLE IF NOT EXISTS "user_usercutsom_groups" ("id" integer NOT NULL PRIMARY KEY AUTOINCREMENT, "usercutsom_id" bigint NOT NULL REFERENCES "user_usercutsom" ("id") DEFERRABLE INITIALLY DEFERRED, "group_id" integer NOT NULL REFERENCES "auth_group" ("id") DEFERRABLE INITIALLY DEFERRED);
CREATE UNIQUE INDEX "auth_group_permissions_group_id_permission_id_0cd325b0_uniq" ON "auth_group_permissions" ("group_id", "permission_id");
CREATE INDEX IF NOT EXISTS "auth_group_permissions_group_id_b120cbf9" ON "auth_group_permissions" ("group_id");
CREATE INDEX IF NOT EXISTS "auth_group_permissions_permission_id_84c5c92e" ON "auth_group_permissions" ("permission_id");
CREATE UNIQUE INDEX "auth_user_groups_user_id_group_id_94350c0c_uniq" ON "auth_user_groups" ("user_id", "group_id");
CREATE INDEX IF NOT EXISTS "auth_user_groups_user_id_6a12ed8b" ON "auth_user_groups" ("user_id");
CREATE INDEX IF NOT EXISTS "auth_user_groups_group_id_97559544" ON "auth_user_groups" ("group_id");
CREATE UNIQUE INDEX "auth_user_user_permissions_user_id_permission_id_14a6b632_uniq" ON "auth_user_user_permissions" ("user_id", "permission_id");
CREATE INDEX IF NOT EXISTS "auth_user_user_permissions_user_id_a95ead1b" ON "auth_user_user_permissions" ("user_id");
CREATE INDEX IF NOT EXISTS "auth_user_user_permissions_permission_id_1fbb5f2c" ON "auth_user_user_permissions" ("permission_id");
CREATE INDEX IF NOT EXISTS "django_admin_log_content_type_id_c4bce8eb" ON "django_admin_log" ("content_type_id");
CREATE INDEX IF NOT EXISTS "django_admin_log_user_id_c564eba6" ON "django_admin_log" ("user_id");
CREATE UNIQUE INDEX "django_content_type_app_label_model_76bd3d3b_uniq" ON "django_content_type" ("app_label", "model");
CREATE UNIQUE INDEX "auth_permission_content_type_id_codename_01ab375a_uniq" ON "auth_permission" ("content_type_id", "codename");
CREATE INDEX IF NOT EXISTS "auth_permission_content_type_id_2f476e4b" ON "auth_permission" ("content_type_id");
CREATE INDEX IF NOT EXISTS "django_session_expire_date_a5c62663" ON "django_session" ("expire_date");
CREATE UNIQUE INDEX "user_usercutsom_groups_usercutsom_id_group_id_4e7fb806_uniq" ON "user_usercutsom_groups" ("usercutsom_id", "group_id");
CREATE INDEX IF NOT EXISTS "user_usercutsom_groups_usercutsom_id_dce02a38" ON "user_usercutsom_groups" ("usercutsom_id");
CREATE INDEX IF NOT EXISTS "user_usercutsom_groups_group_id_5efdf12e" ON "user_usercutsom_groups" ("group_id");
CREATE UNIQUE INDEX "user_usercutsom_user_permissions_usercutsom_id_permission_id_f91b0926_uniq" ON "user_usercutsom_user_permissions" ("usercutsom_id", "permission_id");
CREATE INDEX IF NOT EXISTS "user_usercutsom_user_permissions_usercutsom_id_2301015a" ON "user_usercutsom_user_permissions" ("usercutsom_id");
CREATE INDEX IF NOT EXISTS "user_usercutsom_user_permissions_permission_id_6111a6df" ON "user_usercutsom_user_permissions" ("permission_id");
CREATE INDEX IF NOT EXISTS "user_question_quiz_id_49c285a7" ON "user_question" ("quiz_id");
CREATE INDEX IF NOT EXISTS "user_answer_question_id_62eab67d" ON "user_answer" ("question_id");
CREATE INDEX IF NOT EXISTS "user_useranswer_chosen_answer_id_45c209ec" ON "user_useranswer" ("chosen_answer_id");
CREATE INDEX IF NOT EXISTS "user_useranswer_question_id_c8476b28" ON "user_useranswer" ("question_id");
CREATE INDEX IF NOT EXISTS "user_useranswer_user_id_c43b8989" ON "user_useranswer" ("user_id");
CREATE INDEX IF NOT EXISTS "otp_totp_totpdevice_user_id_0fb18292" ON "otp_totp_totpdevice" ("user_id");
CREATE INDEX IF NOT EXISTS "user_quiz_course_id_52e3ef7a" ON "user_quiz" ("course_id");
CREATE INDEX IF NOT EXISTS "user_quiz_owner_id_b69445be" ON "user_quiz" ("owner_id");
CREATE INDEX IF NOT EXISTS "user_user_answer_chosen_answer_id_7206f250" ON "user_user_answer" ("chosen_answer_id");
CREATE INDEX IF NOT EXISTS "user_user_answer_question_id_d17e9c42" ON "user_user_answer" ("question_id");
CREATE INDEX IF NOT EXISTS "user_user_answer_user_id_1371d673" ON "user_user_answer" ("user_id");
CREATE INDEX IF NOT EXISTS "django_apscheduler_djangojob_next_run_time_2f022619" ON "django_apscheduler_djangojob" ("next_run_time");
CREATE INDEX IF NOT EXISTS "django_apscheduler_djangojobexecution_run_time_16edd96b" ON "django_apscheduler_djangojobexecution" ("run_time");
CREATE INDEX IF NOT EXISTS "django_apscheduler_djangojobexecution_job_id_daf5090a" ON "django_apscheduler_djangojobexecution" ("job_id");
CREATE TABLE IF NOT EXISTS "user_usercutsom_user_permissions" ("id" integer NOT NULL PRIMARY KEY AUTOINCREMENT, "usercutsom_id" bigint NOT NULL REFERENCES "user_usercutsom" ("id") DEFERRABLE INITIALLY DEFERRED, "permission_id" integer NOT NULL REFERENCES "auth_permission" ("id") DEFERRABLE INITIALLY DEFERRED);
CREATE UNIQUE INDEX "auth_group_permissions_group_id_permission_id_0cd325b0_uniq" ON "auth_group_permissions" ("group_id", "permission_id");
CREATE INDEX IF NOT EXISTS "auth_group_permissions_group_id_b120cbf9" ON "auth_group_permissions" ("group_id");
CREATE INDEX IF NOT EXISTS "auth_group_permissions_permission_id_84c5c92e" ON "auth_group_permissions" ("permission_id");
CREATE UNIQUE INDEX "auth_user_groups_user_id_group_id_94350c0c_uniq" ON "auth_user_groups" ("user_id", "group_id");
CREATE INDEX IF NOT EXISTS "auth_user_groups_user_id_6a12ed8b" ON "auth_user_groups" ("user_id");
CREATE INDEX IF NOT EXISTS "auth_user_groups_group_id_97559544" ON "auth_user_groups" ("group_id");
CREATE UNIQUE INDEX "auth_user_user_permissions_user_id_permission_id_14a6b632_uniq" ON "auth_user_user_permissions" ("user_id", "permission_id");
CREATE INDEX IF NOT EXISTS "auth_user_user_permissions_user_id_a95ead1b" ON "auth_user_user_permissions" ("user_id");
CREATE INDEX IF NOT EXISTS "auth_user_user_permissions_permission_id_1fbb5f2c" ON "auth_user_user_permissions" ("permission_id");
CREATE INDEX IF NOT EXISTS "django_admin_log_content_type_id_c4bce8eb" ON "django_admin_log" ("content_type_id");
CREATE INDEX IF NOT EXISTS "django_admin_log_user_id_c564eba6" ON "django_admin_log" ("user_id");
CREATE UNIQUE INDEX "django_content_type_app_label_model_76bd3d3b_uniq" ON "django_content_type" ("app_label", "model");
CREATE UNIQUE INDEX "auth_permission_content_type_id_codename_01ab375a_uniq" ON "auth_permission" ("content_type_id", "codename");
CREATE INDEX IF NOT EXISTS "auth_permission_content_type_id_2f476e4b" ON "auth_permission" ("content_type_id");
CREATE INDEX IF NOT EXISTS "django_session_expire_date_a5c62663" ON "django_session" ("expire_date");
CREATE UNIQUE INDEX "user_usercutsom_groups_usercutsom_id_group_id_4e7fb806_uniq" ON "user_usercutsom_groups" ("usercutsom_id", "group_id");
CREATE INDEX IF NOT EXISTS "user_usercutsom_groups_usercutsom_id_dce02a38" ON "user_usercutsom_groups" ("usercutsom_id");
CREATE INDEX IF NOT EXISTS "user_usercutsom_groups_group_id_5efdf12e" ON "user_usercutsom_groups" ("group_id");
CREATE UNIQUE INDEX "user_usercutsom_user_permissions_usercutsom_id_permission_id_f91b0926_uniq" ON "user_usercutsom_user_permissions" ("usercutsom_id", "permission_id");
CREATE INDEX IF NOT EXISTS "user_usercutsom_user_permissions_usercutsom_id_2301015a" ON "user_usercutsom_user_permissions" ("usercutsom_id");
CREATE INDEX IF NOT EXISTS "user_usercutsom_user_permissions_permission_id_6111a6df" ON "user_usercutsom_user_permissions" ("permission_id");
CREATE INDEX IF NOT EXISTS "user_question_quiz_id_49c285a7" ON "user_question" ("quiz_id");
CREATE INDEX IF NOT EXISTS "user_answer_question_id_62eab67d" ON "user_answer" ("question_id");
CREATE INDEX IF NOT EXISTS "user_useranswer_chosen_answer_id_45c209ec" ON "user_useranswer" ("chosen_answer_id");
CREATE INDEX IF NOT EXISTS "user_useranswer_question_id_c8476b28" ON "user_useranswer" ("question_id");
CREATE INDEX IF NOT EXISTS "user_useranswer_user_id_c43b8989" ON "user_useranswer" ("user_id");
CREATE INDEX IF NOT EXISTS "otp_totp_totpdevice_user_id_0fb18292" ON "otp_totp_totpdevice" ("user_id");
CREATE INDEX IF NOT EXISTS "user_quiz_course_id_52e3ef7a" ON "user_quiz" ("course_id");
CREATE INDEX IF NOT EXISTS "user_quiz_owner_id_b69445be" ON "user_quiz" ("owner_id");
CREATE INDEX IF NOT EXISTS "user_user_answer_chosen_answer_id_7206f250" ON "user_user_answer" ("chosen_answer_id");
CREATE INDEX IF NOT EXISTS "user_user_answer_question_id_d17e9c42" ON "user_user_answer" ("question_id");
CREATE INDEX IF NOT EXISTS "user_user_answer_user_id_1371d673" ON "user_user_answer" ("user_id");
CREATE INDEX IF NOT EXISTS "django_apscheduler_djangojob_next_run_time_2f022619" ON "django_apscheduler_djangojob" ("next_run_time");
CREATE INDEX IF NOT EXISTS "django_apscheduler_djangojobexecution_run_time_16edd96b" ON "django_apscheduler_djangojobexecution" ("run_time");
CREATE INDEX IF NOT EXISTS "django_apscheduler_djangojobexecution_job_id_daf5090a" ON "django_apscheduler_djangojobexecution" ("job_id");
